광역시도,시군구,행정구,구분,합계,15세미만,15~19세,20~24세,25~29세,30~34세,35~39세,40~44세,45~49세,50~54세,55~59세,60~64세,65~69세,70~74세,75~79세,80~84세,85세이상
서울,소계,,계,9096901,983091,402343,548245,768413,687804,746830,677660,782455,731258,728273,664875,465250,370242,280007,163363,96792
서울,소계,,남자,4386287,505543,201751,233761,377349,341858,374514,335606,385491,354886,349208,313417,218378,170303,126711,66754,30757
서울,소계,,여자,4710614,477548,200592,314484,391064,345946,372316,342054,396964,376372,379065,351458,246872,199939,153296,96609,66035
서울, 종로구,,계,136649,12204,5801,9816,11972,9459,9511,9034,11784,11462,11781,10125,7057,5960,5277,3341,2065
서울, 종로구,,남자,65594,6183,2803,4230,6167,4747,4657,4341,5709,5511,5773,5021,3369,2659,2290,1387,747
서울, 종로구,,여자,71055,6021,2998,5586,5805,4712,4854,4693,6075,5951,6008,5104,3688,3301,2987,1954,1318
서울, 중구,,계,115665,9839,3896,7511,10304,9636,9874,7836,8903,9313,9786,9002,6211,5077,4201,2581,1695
서울, 중구,,남자,55820,4988,1896,3103,5115,4790,4990,4054,4423,4587,4830,4430,2998,2295,1795,1003,523
서울, 중구,,여자,59845,4851,2000,4408,5189,4846,4884,3782,4480,4726,4956,4572,3213,2782,2406,1578,1172
서울, 용산구,,계,204196,19559,7501,11472,17506,17246,18041,14951,17554,16489,16246,14708,9927,8197,7027,4763,3009
서울, 용산구,,남자,97390,10065,3759,4330,8410,8569,9068,7366,8636,8072,7884,7103,4649,3653,2997,1831,998
서울, 용산구,,여자,106806,9494,3742,7142,9096,8677,8973,7585,8918,8417,8362,7605,5278,4544,4030,2932,2011
서울, 성동구,,계,283330,30197,10671,18283,24581,23496,25511,20848,23252,22648,23060,20026,13394,10709,8671,5088,2895
서울, 성동구,,남자,137125,15351,5102,8031,12340,11337,12850,10595,11507,10993,11388,9745,6328,4811,3819,2001,927
서울, 성동구,,여자,146205,14846,5569,10252,12241,12159,12661,10253,11745,11655,11672,10281,7066,5898,4852,3087,1968
서울, 광진구,,계,331747,32469,13876,23459,34142,28298,27452,23864,27457,26699,26245,23174,15295,11954,9070,5249,3044
서울, 광진구,,남자,159187,16646,6894,9737,16584,13899,13652,11856,13358,12787,12669,10982,7247,5584,4166,2151,975
서울, 광진구,,여자,172560,15823,6982,13722,17558,14399,13800,12008,14099,13912,13576,12192,8048,6370,4904,3098,2069
서울, 동대문구,,계,327897,31997,13409,25861,28918,23122,25879,22912,25630,25108,25818,24466,17684,14563,11812,6837,3881
서울, 동대문구,,남자,160582,16435,6438,11160,15493,11957,13332,11809,13042,12408,12500,11684,8397,6554,5232,2851,1290
서울, 동대문구,,여자,167315,15562,6971,14701,13425,11165,12547,11103,12588,12700,13318,12782,9287,8009,6580,3986,2591
서울, 중랑구,,계,374640,36279,14494,20957,30295,27417,29807,25657,30164,32515,34743,31018,21234,16662,12597,6985,3816
서울, 중랑구,,남자,183357,18704,7198,9518,14895,13917,15562,13367,15104,15617,16868,14952,10219,7699,5685,2911,1141
서울, 중랑구,,여자,191283,17575,7296,11439,15400,13500,14245,12290,15060,16898,17875,16066,11015,8963,6912,4074,2675
서울, 성북구,,계,418403,46591,20022,31437,33472,27069,31749,30584,37234,33362,32063,29431,20684,17189,14292,8539,4685
서울, 성북구,,남자,200642,24004,9728,12713,17179,13450,15806,15130,18363,16537,15259,13983,9650,7534,6271,3487,1548
서울, 성북구,,여자,217761,22587,10294,18724,16293,13619,15943,15454,18871,16825,16804,15448,11034,9655,8021,5052,3137
서울, 강북구,,계,294143,26913,12240,17451,21719,18119,21080,20338,25240,24702,25722,24103,17721,15529,12676,7079,3511
서울, 강북구,,남자,141759,13840,6148,7327,10914,9389,11100,10464,12681,11819,12258,11394,7960,6734,5641,2924,1166
서울, 강북구,,여자,152384,13073,6092,10124,10805,8730,9980,9874,12559,12883,13464,12709,9761,8795,7035,4155,2345
서울, 도봉구,,계,315032,31599,14456,18102,22124,18994,22399,21334,27095,27501,28711,27243,18307,14428,11752,6900,4087
서울, 도봉구,,남자,152106,16321,7300,7977,11171,9642,11463,10611,13157,12930,13532,12938,8886,6729,5309,2805,1335
서울, 도봉구,,여자,162926,15278,7156,10125,10953,9352,10936,10723,13938,14571,15179,14305,9421,7699,6443,4095,2752
서울, 노원구,,계,504967,58692,29678,32970,33737,29052,35325,37475,48721,44381,41590,37210,25344,19500,15579,9658,6055
서울, 노원구,,남자,241951,30320,15188,14952,17478,14565,17432,17882,23168,21501,19843,17284,11890,8634,6480,3512,1822
서울, 노원구,,여자,263016,28372,14490,18018,16259,14487,17893,19593,25553,22880,21747,19926,13454,10866,9099,6146,4233
서울, 은평구,,계,447693,48092,20063,24282,33555,30486,36241,33567,39732,36603,36560,33802,24002,20136,16153,9471,4948
서울, 은평구,,남자,213158,24815,10046,10503,16023,14766,18200,16616,19419,17506,17071,15682,10827,8909,7185,3919,1671
서울, 은평구,,여자,234535,23277,10017,13779,17532,15720,18041,16951,20313,19097,19489,18120,13175,11227,8968,5552,3277
서울, 서대문구,,계,291958,29299,12588,22260,26058,20274,22241,20388,24418,23302,22882,20500,14248,12369,10622,6800,3709
서울, 서대문구,,남자,137971,14874,6067,8683,13061,10110,11009,10168,11943,11111,10890,9686,6498,5334,4561,2746,1230
서울, 서대문구,,여자,153987,14425,6521,13577,12997,10164,11232,10220,12475,12191,11992,10814,7750,7035,6061,4054,2479
서울, 마포구,,계,348755,38017,13992,22533,33413,30668,31957,27745,30600,26176,24426,21302,14476,12536,10516,6534,3864
서울, 마포구,,남자,163126,19230,6855,9034,15336,14113,15588,13378,15005,12677,11763,9868,6524,5274,4539,2646,1296
서울, 마포구,,여자,185629,18787,7137,13499,18077,16555,16369,14367,15595,13499,12663,11434,7952,7262,5977,3888,2568
서울, 양천구,,계,429819,55408,25273,23472,28433,25422,31509,34176,42818,38770,35791,31027,21237,15357,10696,6332,4098
서울, 양천구,,남자,208741,28661,12975,10643,14084,12583,15384,16001,20646,19168,17663,14823,10363,7338,4842,2374,1193
서울, 양천구,,여자,221078,26747,12298,12829,14349,12839,16125,18175,22172,19602,18128,16204,10874,8019,5854,3958,2905
서울, 강서구,,계,559359,63606,23140,28926,48899,47898,51315,43163,45218,41502,44361,42151,28712,21567,14495,8660,5746
서울, 강서구,,남자,268057,32571,11542,12089,22476,23753,26320,21659,22484,19765,20642,19437,13492,10369,6536,3233,1689
서울, 강서구,,여자,291302,31035,11598,16837,26423,24145,24995,21504,22734,21737,23719,22714,15220,11198,7959,5427,4057
서울, 구로구,,계,386239,43566,15109,20016,30167,29301,33404,29549,31947,30019,31661,29785,21824,17182,12254,6845,3610
서울, 구로구,,남자,188979,22261,7613,8700,14698,14677,17105,15277,16276,14682,15277,14016,10275,8351,5724,2906,1141
서울, 구로구,,여자,197260,21305,7496,11316,15469,14624,16299,14272,15671,15337,16384,15769,11549,8831,6530,3939,2469
서울, 금천구,,계,219896,20011,8027,12414,20503,17367,17197,14700,17739,19056,20446,17745,12362,9515,7077,3731,2006
서울, 금천구,,남자,110152,10212,4001,5512,10686,9548,9404,7753,9012,9310,10154,8692,5934,4469,3251,1557,657
서울, 금천구,,여자,109744,9799,4026,6902,9817,7819,7793,6947,8727,9746,10292,9053,6428,5046,3826,2174,1349
서울, 영등포구,,계,341509,34897,11839,17499,32711,32163,30945,24877,26781,25838,26874,24630,17330,14036,10758,6597,3734
서울, 영등포구,,남자,167114,17957,6082,7184,15435,16332,16080,12770,13634,12790,13169,11949,8202,6684,4786,2829,1231
서울, 영등포구,,여자,174395,16940,5757,10315,17276,15831,14865,12107,13147,13048,13705,12681,9128,7352,5972,3768,2503
서울, 동작구,,계,374478,38047,14736,25435,36622,30532,30951,27225,29534,27810,28842,26489,19086,15813,12107,7062,4187
서울, 동작구,,남자,180291,19447,7403,11003,18319,15329,15653,13726,14758,13169,13646,12190,8721,6950,5666,2943,1368
서울, 동작구,,여자,194187,18600,7333,14432,18303,15203,15298,13499,14776,14641,15196,14299,10365,8863,6441,4119,2819
서울, 관악구,,계,472796,36787,15748,35750,64784,46371,39100,31523,34549,32445,33664,31412,23866,19784,15039,7942,4032
서울, 관악구,,남자,234870,18959,7962,14687,33267,25458,21216,16865,18182,15929,16093,14531,10985,9016,6955,3445,1320
서울, 관악구,,여자,237926,17828,7786,21063,31517,20913,17884,14658,16367,16516,17571,16881,12881,10768,8084,4497,2712
서울, 서초구,,계,391520,53479,20517,19297,27310,28215,33211,33647,38651,31352,27756,25645,18361,14875,9944,5563,3697
서울, 서초구,,남자,185921,27471,10257,8221,12740,12974,15381,15594,18644,15508,13252,11811,8442,6923,4906,2549,1248
서울, 서초구,,여자,205599,26008,10260,11076,14570,15241,17830,18053,20007,15844,14504,13834,9919,7952,5038,3014,2449
서울, 강남구,,계,493492,60595,27512,25476,37117,36823,41510,41908,49399,41140,34711,31588,23226,18695,12288,6737,4767
서울, 강남구,,남자,234001,31477,14235,10908,17165,16979,18944,19046,23490,20503,16841,14448,10584,8844,6033,3028,1476
서울, 강남구,,여자,259491,29118,13277,14568,19952,19844,22566,22862,25909,20637,17870,17140,12642,9851,6255,3709,3291
서울, 송파구,,계,629275,78163,29213,32591,49836,51308,56587,49487,54007,50488,49841,45792,31423,22284,14421,8145,5689
서울, 송파구,,남자,301491,40273,14723,14039,23366,24447,27272,23890,26003,24296,23486,21518,15214,10971,6938,3367,1688
서울, 송파구,,여자,327784,37890,14490,18552,26470,26861,29315,25597,28004,26192,26355,24274,16209,11313,7483,4778,4001
서울, 강동구,,계,403443,46785,18542,20975,30235,29068,34034,30872,34028,32577,34693,32501,22239,16325,10683,5924,3962
서울, 강동구,,남자,196902,24478,9536,9477,14947,14527,17046,15388,16847,15710,16457,15250,10724,7985,5104,2349,1077
서울, 강동구,,여자,206541,22307,9006,11498,15288,14541,16988,15484,17181,16867,18236,17251,11515,8340,5579,3575,2885
부산,소계,,계,3222121,361732,138437,181186,213061,183698,235287,227042,265187,267800,291826,281402,203549,153324,117606,66519,34465
부산,소계,,남자,1565704,185909,70460,85793,111372,93666,119264,114588,131150,128473,138281,132629,95898,70577,51297,25798,10549
부산,소계,,여자,1656417,175823,67977,95393,101689,90032,116023,112454,134037,139327,153545,148773,107651,82747,66309,40721,23916
부산, 중구,,계,38566,2290,1218,2052,2863,2117,2257,2293,3007,3185,3670,4047,3111,2524,2087,1175,670
부산, 중구,,남자,18759,1205,603,942,1505,1154,1230,1260,1573,1593,1752,1881,1434,1077,897,447,206
부산, 중구,,여자,19807,1085,615,1110,1358,963,1027,1033,1434,1592,1918,2166,1677,1447,1190,728,464
부산, 서구,,계,100101,8464,3768,6069,6501,4921,6151,6035,7725,7881,9380,9588,7583,6150,5160,3121,1604
부산, 서구,,남자,48104,4368,1806,2691,3306,2604,3139,3155,3988,3975,4582,4411,3481,2748,2140,1207,503
부산, 서구,,여자,51997,4096,1962,3378,3195,2317,3012,2880,3737,3906,4798,5177,4102,3402,3020,1914,1101
부산, 동구,,계,81089,6090,2760,3933,5327,4532,5094,4940,6180,6452,7430,8002,6416,5360,4568,2691,1314
부산, 동구,,남자,39342,3154,1418,1811,2699,2432,2781,2682,3272,3240,3556,3755,2961,2310,1848,1008,415
부산, 동구,,여자,41747,2936,1342,2122,2628,2100,2313,2258,2908,3212,3874,4247,3455,3050,2720,1683,899
부산, 영도구,,계,109458,8733,4287,5746,6048,4899,6261,6523,8419,8871,10527,11508,8915,7482,6144,3441,1654
부산, 영도구,,남자,53656,4404,2272,2929,3406,2696,3306,3413,4417,4471,5115,5402,4160,3301,2543,1324,497
부산, 영도구,,여자,55802,4329,2015,2817,2642,2203,2955,3110,4002,4400,5412,6106,4755,4181,3601,2117,1157
부산, 부산진구,,계,339223,33382,13367,20867,26565,21793,24582,22840,26826,26859,30079,29518,21536,16516,13198,7492,3803
부산, 부산진구,,남자,162539,16913,6789,9395,13173,10900,12559,11530,13377,12716,14117,13762,10131,7416,5668,2857,1236
부산, 부산진구,,여자,176684,16469,6578,11472,13392,10893,12023,11310,13449,14143,15962,15756,11405,9100,7530,4635,2567
부산, 동래구,,계,254552,30435,12143,13081,15885,14005,18393,18797,22116,21639,22386,21789,16154,11744,8738,4774,2473
부산, 동래구,,남자,123015,15842,6193,6210,8191,7164,9093,8992,10764,10302,10283,10146,7560,5603,3920,2005,747
부산, 동래구,,여자,131537,14593,5950,6871,7694,6841,9300,9805,11352,11337,12103,11643,8594,6141,4818,2769,1726
부산, 남구,,계,262984,29773,12274,17253,16592,13539,18264,19030,22446,20987,21988,22072,16674,13200,10437,5624,2831
부산, 남구,,남자,127898,15247,6244,8152,9004,6963,9237,9500,11240,10280,10325,10163,7685,5998,4651,2307,902
부산, 남구,,여자,135086,14526,6030,9101,7588,6576,9027,9530,11206,10707,11663,11909,8989,7202,5786,3317,1929
부산, 북구,,계,276503,30997,12742,16258,19079,15510,18642,18373,22430,26079,28656,24814,16248,11203,8341,4692,2439
부산, 북구,,남자,135427,15992,6470,7960,10162,7884,9537,9283,10592,12089,13964,12246,7976,5273,3604,1736,659
부산, 북구,,여자,141076,15005,6272,8298,8917,7626,9105,9090,11838,13990,14692,12568,8272,5930,4737,2956,1780
부산, 해운대구,,계,379986,46076,18995,19364,22607,19678,26596,28833,35889,34224,34394,31344,21648,16174,12581,7542,4041
부산, 해운대구,,남자,181834,23791,9797,9220,11524,9655,12707,13770,16891,16272,16238,14865,10168,7423,5328,2871,1314
부산, 해운대구,,여자,198152,22285,9198,10144,11083,10023,13889,15063,18998,17952,18156,16479,11480,8751,7253,4671,2727
부산, 사하구,,계,304746,33431,13426,18025,20062,17090,22224,20706,25088,26259,29054,27461,19349,14057,10040,5619,2855
부산, 사하구,,남자,150249,17150,6843,8742,10829,8995,11569,10656,12431,12647,13913,13127,9364,6618,4448,2092,825
부산, 사하구,,여자,154497,16281,6583,9283,9233,8095,10655,10050,12657,13612,15141,14334,9985,7439,5592,3527,2030
부산, 금정구,,계,228110,21601,10003,16928,16529,11845,14299,14129,17558,19192,21930,20858,15186,11546,8826,4984,2696
부산, 금정구,,남자,111149,11223,5000,8138,9409,6282,7228,7121,8515,9012,10257,9785,7073,5312,3950,1966,878
부산, 금정구,,여자,116961,10378,5003,8790,7120,5563,7071,7008,9043,10180,11673,11073,8113,6234,4876,3018,1818
부산, 강서구,,계,120451,24820,3658,3728,6344,9884,15534,11257,8424,7184,8183,8028,5218,3394,2487,1426,882
부산, 강서구,,남자,61117,12665,1815,1860,3183,4783,8038,6220,4668,3679,3957,3977,2658,1717,1136,518,243
부산, 강서구,,여자,59334,12155,1843,1868,3161,5101,7496,5037,3756,3505,4226,4051,2560,1677,1351,908,639
부산, 연제구,,계,197985,22623,8343,10337,13167,12090,15163,14111,16309,16153,17206,17176,12641,9471,7263,3997,1935
부산, 연제구,,남자,94732,11555,4272,4776,6590,5999,7587,6907,7916,7565,7889,7894,5898,4371,3260,1663,590
부산, 연제구,,여자,103253,11068,4071,5561,6577,6091,7576,7204,8393,8588,9317,9282,6743,5100,4003,2334,1345
부산, 수영구,,계,164784,15373,6041,8533,12732,10664,12329,10999,12936,12609,14109,15079,11567,9150,6738,3840,2085
부산, 수영구,,남자,77880,7965,3035,3860,6206,5274,6268,5496,6199,5865,6226,6705,5227,4227,3053,1598,676
부산, 수영구,,여자,86904,7408,3006,4673,6526,5390,6061,5503,6737,6744,7883,8374,6340,4923,3685,2242,1409
부산, 사상구,,계,209051,20549,8650,13055,15270,12245,14358,13416,16062,19365,22341,19769,13418,9224,6371,3364,1594
부산, 사상구,,남자,104170,10532,4436,6196,8267,6574,7529,7094,8122,9302,11006,9764,6533,4348,2858,1178,431
부산, 사상구,,여자,104881,10017,4214,6859,7003,5671,6829,6322,7940,10063,11335,10005,6885,4876,3513,2186,1163
부산, 기장군,,계,154532,27095,6762,5957,7490,8886,15140,14760,13772,10861,10493,10349,7885,6129,4627,2737,1589
부산, 기장군,,남자,75833,13903,3467,2911,3918,4307,7456,7509,7185,5465,5101,4746,3589,2835,1993,1021,427
부산, 기장군,,여자,78699,13192,3295,3046,3572,4579,7684,7251,6587,5396,5392,5603,4296,3294,2634,1716,1162
대구,소계,,계,2332499,289897,116524,138834,153660,131876,167239,171737,209381,210760,208452,174908,123485,90289,74618,45796,25043
대구,소계,,남자,1142297,149391,60065,66736,82626,69862,83505,84757,102214,102438,101481,84610,57813,40696,31142,17332,7629
대구,소계,,여자,1190202,140506,56459,72098,71034,62014,83734,86980,107167,108322,106971,90298,65672,49593,43476,28464,17414
대구, 중구,,계,72483,7663,2572,4370,6198,5060,5800,4809,5505,5333,5581,5356,4150,3653,3280,1992,1161
대구, 중구,,남자,34690,3957,1257,1819,3117,2605,2972,2471,2750,2606,2703,2520,1837,1538,1407,785,346
대구, 중구,,여자,37793,3706,1315,2551,3081,2455,2828,2338,2755,2727,2878,2836,2313,2115,1873,1207,815
대구, 동구,,계,328007,39459,12922,16527,20907,19741,25029,23782,26236,26902,29018,26967,20372,15518,12868,7726,4033
대구, 동구,,남자,160082,20358,6645,7894,11254,10345,12723,12358,13298,12935,13708,12594,9387,6942,5409,2982,1250
대구, 동구,,여자,167925,19101,6277,8633,9653,9396,12306,11424,12938,13967,15310,14373,10985,8576,7459,4744,2783
대구, 서구,,계,167446,12994,6388,9419,11618,8565,9795,9937,13258,16125,18293,16237,12416,8966,7273,4139,2023
대구, 서구,,남자,83008,6640,3350,4660,6446,4959,5313,5350,6875,7970,8911,7644,5745,4014,3010,1569,552
대구, 서구,,여자,84438,6354,3038,4759,5172,3606,4482,4587,6383,8155,9382,8593,6671,4952,4263,2570,1471
대구, 남구,,계,141016,10978,5294,9057,10293,8035,9018,8705,11143,11626,12886,12762,9860,7822,6780,4295,2462
대구, 남구,,남자,67453,5737,2627,4129,5339,4323,4553,4378,5575,5694,6004,5903,4456,3403,2854,1658,820
대구, 남구,,여자,73563,5241,2667,4928,4954,3712,4465,4327,5568,5932,6882,6859,5404,4419,3926,2637,1642
대구, 북구,,계,425333,55200,23033,29819,28606,24044,30578,32200,40431,39026,36583,28821,19615,14424,12193,7052,3708
대구, 북구,,남자,210525,28384,11727,14635,15827,12807,15376,15791,19710,19338,18152,14342,9277,6388,5016,2688,1067
대구, 북구,,여자,214808,26816,11306,15184,12779,11237,15202,16409,20721,19688,18431,14479,10338,8036,7177,4364,2641
대구, 수성구,,계,405234,53488,26508,23166,23337,17579,24705,31152,41735,39297,34867,28596,20082,14895,12629,8237,4961
대구, 수성구,,남자,195256,27760,14094,11181,12422,9078,11326,13967,19247,19140,17071,13786,9349,6668,5371,3189,1607
대구, 수성구,,여자,209978,25728,12414,11985,10915,8501,13379,17185,22488,20157,17796,14810,10733,8227,7258,5048,3354
대구, 달서구,,계,549980,68405,29858,35447,37813,30671,38150,40471,50980,53022,51827,40596,26870,18087,14223,8842,4718
대구, 달서구,,남자,269246,35249,15132,16840,20278,16349,18909,19594,24420,25326,25299,20083,12810,8426,5908,3215,1408
대구, 달서구,,여자,280734,33156,14726,18607,17535,14322,19241,20877,26560,27696,26528,20513,14060,9661,8315,5627,3310
대구, 달성군,,계,243000,41710,9949,11029,14888,18181,24164,20681,20093,19429,19397,15573,10120,6924,5372,3513,1977
대구, 달성군,,남자,122037,21306,5233,5578,7943,9396,12333,10848,10339,9429,9633,7738,4952,3317,2167,1246,579
대구, 달성군,,여자,120963,20404,4716,5451,6945,8785,11831,9833,9754,10000,9764,7835,5168,3607,3205,2267,1398
인천,소계,,계,2799553,367306,133389,154888,203576,180966,227769,219670,250290,248672,251499,202461,122894,93462,70395,44432,27884
인천,소계,,남자,1386986,188485,67577,71784,105443,92999,116275,112100,125846,121691,125779,100474,59894,43923,30159,16597,7960
인천,소계,,여자,1412567,178821,65812,83104,98133,87967,111494,107570,124444,126981,125720,101987,63000,49539,40236,27835,19924
인천, 중구,,계,123549,17498,4996,6010,9943,8617,10997,10812,11110,9347,8776,8267,5622,4756,3478,2027,1293
인천, 중구,,남자,63147,9034,2586,2495,5352,4618,5838,5789,6138,5070,4529,4064,2696,2179,1580,801,378
인천, 중구,,여자,60402,8464,2410,3515,4591,3999,5159,5023,4972,4277,4247,4203,2926,2577,1898,1226,915
인천, 동구,,계,60791,6708,2561,2834,3197,3052,4443,4697,5127,4787,5175,5352,3919,3458,2768,1688,1025
인천, 동구,,남자,30224,3478,1307,1343,1721,1594,2319,2566,2724,2506,2612,2584,1828,1544,1196,623,279
인천, 동구,,여자,30567,3230,1254,1491,1476,1458,2124,2131,2403,2281,2563,2768,2091,1914,1572,1065,746
인천, 연수구,,계,345349,54541,18506,18692,24285,23011,29494,29232,33341,30753,29861,21209,11326,8089,6151,4045,2813
인천, 연수구,,남자,170243,27897,9406,8534,12468,11410,14325,14372,16275,14926,15169,11015,5795,3813,2622,1421,795
인천, 연수구,,여자,175106,26644,9100,10158,11817,11601,15169,14860,17066,15827,14692,10194,5531,4276,3529,2624,2018
인천, 남동구,,계,508503,69286,24343,27328,36651,32453,42811,41702,45651,44411,44824,36304,22526,16493,12010,7179,4531
인천, 남동구,,남자,250015,35488,12214,12492,18768,16638,21635,21220,22879,21459,22133,17580,10797,7784,5034,2680,1214
인천, 남동구,,여자,258488,33798,12129,14836,17883,15815,21176,20482,22772,22952,22691,18724,11729,8709,6976,4499,3317
인천, 부평구,,계,487471,56517,22784,27565,37663,32753,38248,35650,42549,44860,46097,37334,22664,16830,12807,8214,4936
인천, 부평구,,남자,238604,29018,11482,12647,19049,16794,19602,18030,20974,21367,22835,18232,10900,7841,5443,2944,1446
인천, 부평구,,여자,248867,27499,11302,14918,18614,15959,18646,17620,21575,23493,23262,19102,11764,8989,7364,5270,3490
인천, 계양구,,계,288422,32740,14585,17894,22831,17956,20720,20436,26115,29502,31059,21950,11581,8136,6287,4145,2485
인천, 계양구,,남자,141983,16708,7358,8210,11728,9277,10534,10257,12710,13977,15468,11343,5886,3834,2536,1459,698
인천, 계양구,,여자,146439,16032,7227,9684,11103,8679,10186,10179,13405,15525,15591,10607,5695,4302,3751,2686,1787
인천, 서구,,계,515884,79861,26410,27455,35977,34746,46339,44432,48441,46626,43564,32315,18463,12985,9111,5649,3510
인천, 서구,,남자,257587,41144,13336,12582,18431,17434,23573,22533,24376,23192,22299,16429,9202,6207,3874,2016,959
인천, 서구,,여자,258297,38717,13074,14873,17546,17312,22766,21899,24065,23434,21265,15886,9261,6778,5237,3633,2551
인천, 미추홀구,,계,391216,43513,17158,24459,29571,25453,30997,28703,32746,32151,33729,30694,20225,16713,12680,7724,4700
인천, 미추홀구,,남자,195241,22320,8766,11949,15881,13604,16458,15151,16835,15943,16459,14713,9504,7778,5509,3037,1334
인천, 미추홀구,,여자,195975,21193,8392,12510,13690,11849,14539,13552,15911,16208,17270,15981,10721,8935,7171,4687,3366
인천, 강화군,,계,60622,5137,1563,1872,2389,2074,2744,3018,4073,4860,6462,7028,5194,4790,4229,3123,2066
인천, 강화군,,남자,30141,2629,848,945,1354,1090,1425,1590,2228,2460,3174,3461,2558,2346,1952,1376,705
인천, 강화군,,여자,30481,2508,715,927,1035,984,1319,1428,1845,2400,3288,3567,2636,2444,2277,1747,1361
인천, 옹진군,,계,17746,1505,483,779,1069,851,976,988,1137,1375,1952,2008,1374,1212,874,638,525
인천, 옹진군,,남자,9801,769,274,587,691,540,566,592,707,791,1101,1053,728,597,413,240,152
인천, 옹진군,,여자,7945,736,209,192,378,311,410,396,430,584,851,955,646,615,461,398,373
광주,소계,,계,1409750,198574,78709,92050,96736,81846,109491,111747,130062,121938,111871,91096,60843,50106,38425,22967,13289
광주,소계,,남자,692954,102454,39289,42421,50185,41614,54974,55533,64701,60777,55516,44267,28721,22930,16579,8952,4041
광주,소계,,여자,716796,96120,39420,49629,46551,40232,54517,56214,65361,61161,56355,46829,32122,27176,21846,14015,9248
광주, 동구,,계,95738,9340,3874,7345,7147,5855,6523,5929,6956,7179,7889,7707,5934,5351,4496,2719,1494
광주, 동구,,남자,47381,4817,1906,3600,3764,3059,3446,3200,3560,3571,3770,3697,2747,2374,2060,1232,578
광주, 동구,,여자,48357,4523,1968,3745,3383,2796,3077,2729,3396,3608,4119,4010,3187,2977,2436,1487,916
광주, 서구,,계,289981,37778,16238,18455,20788,16856,21634,22596,27768,26344,23764,19394,12808,10412,7796,4635,2715
광주, 서구,,남자,141373,19681,8184,8355,10490,8559,10727,10936,13444,13146,11619,9347,6067,4770,3419,1820,809
광주, 서구,,여자,148608,18097,8054,10100,10298,8297,10907,11660,14324,13198,12145,10047,6741,5642,4377,2815,1906
광주, 남구,,계,209133,28312,11157,12575,12949,11011,15560,15767,17718,16994,17076,15642,11126,9385,7163,4212,2486
광주, 남구,,남자,100399,14352,5425,5681,6637,5501,7633,7784,8711,8211,8004,7356,5158,4289,3187,1687,783
광주, 남구,,여자,108734,13960,5732,6894,6312,5510,7927,7983,9007,8783,9072,8286,5968,5096,3976,2525,1703
광주, 북구,,계,422264,54761,22847,28071,30198,25123,31631,31090,36739,36921,36166,29784,19911,15966,11940,7034,4082
광주, 북구,,남자,208100,28418,11538,13047,15931,12858,16249,15707,18111,18171,17611,14407,9533,7409,5151,2733,1226
광주, 북구,,여자,214164,26343,11309,15024,14267,12265,15382,15383,18628,18750,18555,15377,10378,8557,6789,4301,2856
광주, 광산구,,계,392634,68383,24593,25604,25654,23001,34143,36365,40881,34500,26976,18569,11064,8992,7030,4367,2512
광주, 광산구,,남자,195701,35186,12236,11738,13363,11637,16919,17906,20875,17678,14512,9460,5216,4088,2762,1480,645
광주, 광산구,,여자,196933,33197,12357,13866,12291,11364,17224,18459,20006,16822,12464,9109,5848,4904,4268,2887,1867
대전,소계,,계,1420059,188996,76028,97373,103601,88788,107182,107948,127004,121535,116369,98441,64487,47082,37396,23799,14030
대전,소계,,남자,704772,97296,38903,46855,55538,46633,54110,53437,63179,60049,57427,48190,31089,22202,16184,9267,4413
대전,소계,,여자,715287,91700,37125,50518,48063,42155,53072,54511,63825,61486,58942,50251,33398,24880,21212,14532,9617
대전, 동구,,계,221955,25411,11844,18349,14709,11641,15248,15456,17942,17749,18632,17190,12422,9637,8154,4867,2704
대전, 동구,,남자,111143,13131,6000,9073,8195,6265,7943,7956,9422,8937,9247,8280,5900,4456,3544,1890,904
대전, 동구,,여자,110812,12280,5844,9276,6514,5376,7305,7500,8520,8812,9385,8910,6522,5181,4610,2977,1800
대전, 중구,,계,227181,26598,11329,12885,14761,11930,15231,16574,19901,19551,19285,17968,13147,10776,8568,5538,3139
대전, 중구,,남자,110975,13592,5806,5929,7610,6163,7636,8281,10084,9710,9430,8612,6059,5014,3731,2269,1049
대전, 중구,,여자,116206,13006,5523,6956,7151,5767,7595,8293,9817,9841,9855,9356,7088,5762,4837,3269,2090
대전, 서구,,계,463747,62917,26013,32330,36179,30571,35687,35475,42432,39875,37331,30726,19524,13556,10334,6666,4131
대전, 서구,,남자,226805,32354,13345,15140,18412,15773,17687,17130,20405,19210,18072,14962,9469,6436,4553,2589,1268
대전, 서구,,여자,236942,30563,12668,17190,17767,14798,18000,18345,22027,20665,19259,15764,10055,7120,5781,4077,2863
대전, 유성구,,계,336354,54651,17569,21732,26228,25634,30152,28448,31109,27699,24967,19081,10868,6961,5320,3579,2356
대전, 유성구,,남자,170005,28271,9030,10839,14622,13555,15185,13990,15392,13768,12569,9642,5502,3401,2257,1295,687
대전, 유성구,,여자,166349,26380,8539,10893,11606,12079,14967,14458,15717,13931,12398,9439,5366,3560,3063,2284,1669
대전, 대덕구,,계,170822,19419,9273,12077,11724,9012,10864,11995,15620,16661,16154,13476,8526,6152,5020,3149,1700
대전, 대덕구,,남자,85844,9948,4722,5874,6699,4877,5659,6080,7876,8424,8109,6694,4159,2895,2099,1224,505
대전, 대덕구,,여자,84978,9471,4551,6203,5025,4135,5205,5915,7744,8237,8045,6782,4367,3257,2921,1925,1195
울산,소계,,계,1083587,157177,51091,55478,69939,66609,89091,85279,99135,105180,100635,80066,49374,31887,22568,12790,7288
울산,소계,,남자,550333,81330,26722,28762,38559,35292,45724,43662,48758,52620,51647,40315,24812,15807,9842,4570,1911
울산,소계,,여자,533254,75847,24369,26716,31380,31317,43367,41617,50377,52560,48988,39751,24562,16080,12726,8220,5377
울산, 중구,,계,212450,27526,9492,10802,13661,11982,16014,15644,18873,20755,20831,17536,11559,7667,5568,3012,1528
울산, 중구,,남자,106869,14439,5000,5621,7482,6278,8199,8067,9238,10178,10472,8540,5677,3692,2414,1143,429
울산, 중구,,여자,105581,13087,4492,5181,6179,5704,7815,7577,9635,10577,10359,8996,5882,3975,3154,1869,1099
울산, 남구,,계,307294,38428,15460,18105,22394,19067,23012,22376,29447,31677,29610,23299,14388,9035,6040,3255,1701
울산, 남구,,남자,155232,19880,8172,9402,12472,10205,11758,10990,13927,15749,15008,11614,7177,4478,2737,1195,468
울산, 남구,,여자,152062,18548,7288,8703,9922,8862,11254,11386,15520,15928,14602,11685,7211,4557,3303,2060,1233
울산, 동구,,계,151207,23916,6605,6565,8676,10076,14454,12503,12168,12353,14022,12772,7617,4579,2723,1396,782
울산, 동구,,남자,77870,12381,3385,3328,4759,5482,7710,6701,6431,6115,6736,6501,3956,2449,1271,492,173
울산, 동구,,여자,73337,11535,3220,3237,3917,4594,6744,5802,5737,6238,7286,6271,3661,2130,1452,904,609
울산, 북구,,계,205269,37988,9410,9998,13321,14249,20337,18387,18241,19962,17315,10842,5970,3823,2754,1656,1016
울산, 북구,,남자,104664,19502,4930,5185,7214,7303,10173,9611,8855,9936,9457,5671,3059,1820,1179,522,247
울산, 북구,,여자,100605,18486,4480,4813,6107,6946,10164,8776,9386,10026,7858,5171,2911,2003,1575,1134,769
울산, 울주군,,계,207367,29319,10124,10008,11887,11235,15274,16369,20406,20433,18857,15617,9840,6783,5483,3471,2261
울산, 울주군,,남자,105698,15128,5235,5226,6632,6024,7884,8293,10307,10642,9974,7989,4943,3368,2241,1218,594
울산, 울주군,,여자,101669,14191,4889,4782,5255,5211,7390,8076,10099,9791,8883,7628,4897,3415,3242,2253,1667
세종,소계,,계,321495,67307,14936,15223,18860,24369,34615,32099,28878,21464,18885,15632,10036,7025,5656,3830,2680
세종,소계,,남자,159457,34159,7384,7336,9454,11758,16791,16043,15273,11117,9579,7766,4855,3339,2420,1416,767
세종,소계,,여자,162038,33148,7552,7887,9406,12611,17824,16056,13605,10347,9306,7866,5181,3686,3236,2414,1913
세종, 세종시,,계,321495,67307,14936,15223,18860,24369,34615,32099,28878,21464,18885,15632,10036,7025,5656,3830,2680
세종, 세종시,,남자,159457,34159,7384,7336,9454,11758,16791,16043,15273,11117,9579,7766,4855,3339,2420,1416,767
세종, 세종시,,여자,162038,33148,7552,7887,9406,12611,17824,16056,13605,10347,9306,7866,5181,3686,3236,2414,1913
경기,소계,,계,12437493,1780295,618620,670267,853024,809456,1046370,1027268,1161425,1087603,1024664,819471,511765,394666,310540,200400,121659
경기,소계,,남자,6186317,912898,314381,312258,445138,414592,531262,518975,585812,542592,517387,408870,247975,184317,134215,77861,37784
경기,소계,,여자,6251176,867397,304239,358009,407886,394864,515108,508293,575613,545011,507277,410601,263790,210349,176325,122539,83875
경기, 수원시,소계,계,1135358,158249,59415,70240,93957,82625,97536,94055,104614,99866,90931,66430,40277,30043,22987,14744,9389
경기, 수원시,소계,남자,565728,81490,30411,32716,49813,43088,49544,47371,52198,48749,45974,33130,19354,13960,9697,5490,2743
경기, 수원시,소계,여자,569630,76759,29004,37524,44144,39537,47992,46684,52416,51117,44957,33300,20923,16083,13290,9254,6646
경기, 수원시, 장안구,계,262957,33148,14970,17775,20325,14990,18365,20450,25477,25346,22674,16863,10534,8217,6633,4422,2768
경기, 수원시, 장안구,남자,130792,17081,7759,8738,11095,7958,9158,10065,12568,12372,11452,8371,5023,3754,2832,1713,853
경기, 수원시, 장안구,여자,132165,16067,7211,9037,9230,7032,9207,10385,12909,12974,11222,8492,5511,4463,3801,2709,1915
경기, 수원시, 권선구,계,356678,50258,16921,20879,28338,26838,33051,28945,30776,31473,29983,22248,13252,9538,6882,4442,2854
경기, 수원시, 권선구,남자,178020,25858,8684,9541,14747,13844,17168,15072,15537,15087,15020,11071,6457,4544,2935,1634,821
경기, 수원시, 권선구,여자,178658,24400,8237,11338,13591,12994,15883,13873,15239,16386,14963,11177,6795,4994,3947,2808,2033
경기, 수원시, 팔달구,계,166215,16379,7653,10471,14686,11957,12569,12214,14667,14602,14902,12118,8083,6253,4909,2981,1771
경기, 수원시, 팔달구,남자,82671,8354,3899,4763,7841,6436,6604,6197,7509,7272,7469,5906,3830,2871,2074,1136,510
경기, 수원시, 팔달구,여자,83544,8025,3754,5708,6845,5521,5965,6017,7158,7330,7433,6212,4253,3382,2835,1845,1261
경기, 수원시, 영통구,계,349508,58464,19871,21115,30608,28840,33551,32446,33694,28445,23372,15201,8408,6035,4563,2899,1996
경기, 수원시, 영통구,남자,174245,30197,10069,9674,16130,14850,16614,16037,16584,14018,12033,7782,4044,2791,1856,1007,559
경기, 수원시, 영통구,여자,175263,28267,9802,11441,14478,13990,16937,16409,17110,14427,11339,7419,4364,3244,2707,1892,1437
경기, 성남시,소계,계,880859,108576,43241,47456,65939,61621,70950,69264,82756,76403,74224,62279,39835,30935,23320,14587,9473
경기, 성남시,소계,남자,431964,55692,21955,21519,33654,31376,35540,34094,41013,37791,36310,30760,19104,14192,10327,5760,2877
경기, 성남시,소계,여자,448895,52884,21286,25937,32285,30245,35410,35170,41743,38612,37914,31519,20731,16743,12993,8827,6596
경기, 성남시, 수정구,계,221396,23310,8983,13325,17567,15641,18042,16594,18739,18670,19977,17399,11826,9013,6628,3669,2013
경기, 성남시, 수정구,남자,110653,11847,4574,6184,9302,8353,9499,8782,9794,9376,9910,8431,5592,4125,2904,1422,558
경기, 성남시, 수정구,여자,110743,11463,4409,7141,8265,7288,8543,7812,8945,9294,10067,8968,6234,4888,3724,2247,1455
경기, 성남시, 중원구,계,208514,21622,9174,12024,16630,14510,16409,14917,17906,18669,19682,16800,10831,8169,5917,3353,1901
경기, 성남시, 중원구,남자,104312,11101,4654,5586,8763,7773,8650,7837,9331,9274,9578,8333,5237,3864,2561,1267,503
경기, 성남시, 중원구,여자,104202,10521,4520,6438,7867,6737,7759,7080,8575,9395,10104,8467,5594,4305,3356,2086,1398
경기, 성남시, 분당구,계,450949,63644,25084,22107,31742,31470,36499,37753,46111,39064,34565,28080,17178,13753,10775,7565,5559
경기, 성남시, 분당구,남자,216999,32744,12727,9749,15589,15250,17391,17475,21888,19141,16822,13996,8275,6203,4862,3071,1816
경기, 성남시, 분당구,여자,233950,30900,12357,12358,16153,16220,19108,20278,24223,19923,17743,14084,8903,7550,5913,4494,3743
경기, 의정부시,,계,425099,53938,21361,24667,29774,25179,32540,31860,39502,38477,36898,30232,19375,15949,12943,8019,4385
경기, 의정부시,,남자,207441,27800,10740,11029,15075,12602,16595,15962,19491,18669,18299,14803,9122,7154,5534,3136,1430
경기, 의정부시,,여자,217658,26138,10621,13638,14699,12577,15945,15898,20011,19808,18599,15429,10253,8795,7409,4883,2955
경기, 안양시,소계,계,538146,65873,27730,31385,39953,36727,41030,39615,49198,49233,49420,40196,24182,16955,12833,8453,5363
경기, 안양시,소계,남자,263737,33823,14026,14476,20654,18894,20867,19464,23769,23633,23971,19904,12137,7951,5492,3126,1550
경기, 안양시,소계,여자,274409,32050,13704,16909,19299,17833,20163,20151,25429,25600,25449,20292,12045,9004,7341,5327,3813
경기, 안양시, 만안구,계,232970,24858,10470,14122,18026,15918,17661,15845,19204,21071,22626,19092,12120,8756,6623,4176,2402
경기, 안양시, 만안구,남자,115363,12797,5237,6531,9442,8294,9327,8250,9476,10079,11113,9362,6068,4151,2911,1599,726
경기, 안양시, 만안구,여자,117607,12061,5233,7591,8584,7624,8334,7595,9728,10992,11513,9730,6052,4605,3712,2577,1676
경기, 안양시, 동안구,계,305176,41015,17260,17263,21927,20809,23369,23770,29994,28162,26794,21104,12062,8199,6210,4277,2961
경기, 안양시, 동안구,남자,148374,21026,8789,7945,11212,10600,11540,11214,14293,13554,12858,10542,6069,3800,2581,1527,824
경기, 안양시, 동안구,여자,156802,19989,8471,9318,10715,10209,11829,12556,15701,14608,13936,10562,5993,4399,3629,2750,2137
경기, 부천시,,계,789832,94025,37079,46351,60581,54280,63933,58858,69123,71132,75408,61680,36198,24576,18044,11372,7192
경기, 부천시,,남자,388300,48179,18711,21348,30966,27738,32557,29746,34233,33973,36794,30512,17911,11909,7617,4017,2089
경기, 부천시,,여자,401532,45846,18368,25003,29615,26542,31376,29112,34890,37159,38614,31168,18287,12667,10427,7355,5103
경기, 광명시,,계,300735,40504,15463,15806,19681,19375,24636,24876,28458,26160,24870,21874,13955,9947,7550,4653,2927
경기, 광명시,,남자,146975,20703,7835,7361,10165,9756,12366,12210,14105,12932,12162,10409,6708,4641,3162,1658,802
경기, 광명시,,여자,153760,19801,7628,8445,9516,9619,12270,12666,14353,13228,12708,11465,7247,5306,4388,2995,2125
경기, 평택시,,계,477029,71626,23110,25745,33865,32631,41149,40661,44809,41381,37355,28283,17825,13947,11858,8189,4595
경기, 평택시,,남자,243253,36662,11774,12473,18597,17682,21677,21280,23477,21280,19580,14359,8527,6410,4977,3080,1418
경기, 평택시,,여자,233776,34964,11336,13272,15268,14949,19472,19381,21332,20101,17775,13924,9298,7537,6881,5109,3177
경기, 동두천시,,계,87789,10902,4123,4550,5146,4452,5847,6249,7796,7727,7630,6832,4562,4262,3925,2490,1296
경기, 동두천시,,남자,43473,5545,2024,2245,2783,2345,2916,3235,4007,4100,3902,3407,2141,1840,1573,968,442
경기, 동두천시,,여자,44316,5357,2099,2305,2363,2107,2931,3014,3789,3627,3728,3425,2421,2422,2352,1522,854
경기, 안산시,소계,계,621999,74615,35163,43225,51411,39404,44972,47016,61528,64750,58223,39790,21374,15213,12186,8256,4873
경기, 안산시,소계,남자,314042,38227,17797,20200,27528,21382,23830,23870,30388,32155,30609,20992,10679,7100,4979,2892,1414
경기, 안산시,소계,여자,307957,36388,17366,23025,23883,18022,21142,23146,31140,32595,27614,18798,10695,8113,7207,5364,3459
경기, 안산시, 상록구,계,329833,38580,18712,23949,27554,19958,22971,24474,32626,34626,30649,20933,11376,8595,7152,4797,2881
경기, 안산시, 상록구,남자,165899,19732,9478,11200,14826,10815,12077,12422,16095,17137,16142,10993,5625,3932,2862,1697,866
경기, 안산시, 상록구,여자,163934,18848,9234,12749,12728,9143,10894,12052,16531,17489,14507,9940,5751,4663,4290,3100,2015
경기, 안산시, 단원구,계,292166,36035,16451,19276,23857,19446,22001,22542,28902,30124,27574,18857,9998,6618,5034,3459,1992
경기, 안산시, 단원구,남자,148143,18495,8319,9000,12702,10567,11753,11448,14293,15018,14467,9999,5054,3168,2117,1195,548
경기, 안산시, 단원구,여자,144023,17540,8132,10276,11155,8879,10248,11094,14609,15106,13107,8858,4944,3450,2917,2264,1444
경기, 고양시,소계,계,989000,129295,51331,53410,69185,59783,74046,77558,99235,94845,88105,65670,37570,30968,27214,19120,11665
경기, 고양시,소계,남자,478815,66005,26186,24230,34251,29478,36141,37377,47678,45922,44088,33367,18196,13580,11128,7359,3829
경기, 고양시,소계,여자,510185,63290,25145,29180,34934,30305,37905,40181,51557,48923,44017,32303,19374,17388,16086,11761,7836
경기, 고양시, 덕양구,계,434496,56537,19799,22649,30034,27951,35059,34125,40319,39275,38233,30154,18380,15322,13027,8643,4989
경기, 고양시, 덕양구,남자,212696,28756,10082,10543,15170,13979,17625,17085,20100,19108,19211,15074,8804,6810,5412,3339,1598
경기, 고양시, 덕양구,여자,221800,27781,9717,12106,14864,13972,17434,17040,20219,20167,19022,15080,9576,8512,7615,5304,3391
경기, 고양시, 일산동구,계,274192,33905,14598,15378,20644,16620,19534,21445,28791,27241,25232,18127,9853,7654,6932,5008,3230
경기, 고양시, 일산동구,남자,131746,17461,7451,6796,9995,8115,9261,10116,13535,13117,12537,9250,4951,3316,2849,1938,1058
경기, 고양시, 일산동구,여자,142446,16444,7147,8582,10649,8505,10273,11329,15256,14124,12695,8877,4902,4338,4083,3070,2172
경기, 고양시, 일산서구,계,280312,38853,16934,15383,18507,15212,19453,21988,30125,28329,24640,17389,9337,7992,7255,5469,3446
경기, 고양시, 일산서구,남자,134373,19788,8653,6891,9086,7384,9255,10176,14043,13697,12340,9043,4441,3454,2867,2082,1173
경기, 고양시, 일산서구,여자,145939,19065,8281,8492,9421,7828,10198,11812,16082,14632,12300,8346,4896,4538,4388,3387,2273
경기, 과천시,,계,52389,6923,3020,2868,3439,3245,3644,3562,5007,4980,4646,3720,2330,1743,1482,1038,742
경기, 과천시,,남자,25565,3644,1560,1345,1753,1636,1857,1655,2389,2392,2287,1885,1122,800,611,406,223
경기, 과천시,,여자,26824,3279,1460,1523,1686,1609,1787,1907,2618,2588,2359,1835,1208,943,871,632,519
경기, 구리시,,계,187625,24519,9243,10687,13044,11349,15251,14710,17351,17551,16995,13240,8187,6130,4818,2881,1669
경기, 구리시,,남자,91954,12779,4575,4860,6571,5695,7668,7359,8424,8381,8445,6670,4009,2810,2067,1117,524
경기, 구리시,,여자,95671,11740,4668,5827,6473,5654,7583,7351,8927,9170,8550,6570,4178,3320,2751,1764,1145
경기, 남양주시,,계,658410,103375,34132,33072,36729,34567,54505,58590,64319,56520,52238,43506,29053,23095,17969,10702,6038
경기, 남양주시,,남자,324619,53162,17348,15214,18746,16995,26410,29076,32791,28424,26453,21257,13723,10820,7985,4349,1866
경기, 남양주시,,여자,333791,50213,16784,17858,17983,17572,28095,29514,31528,28096,25785,22249,15330,12275,9984,6353,4172
경기, 오산시,,계,215639,37283,10865,11411,15452,16461,22904,20631,19845,16754,14294,10668,6578,5008,3898,2390,1197
경기, 오산시,,남자,110191,19134,5487,5339,8488,8694,12077,10945,10371,8620,7331,5260,3164,2332,1628,943,378
경기, 오산시,,여자,105448,18149,5378,6072,6964,7767,10827,9686,9474,8134,6963,5408,3414,2676,2270,1447,819
경기, 시흥시,,계,451166,69355,23237,25909,32162,30843,41890,39872,43980,43213,37370,24987,13366,9605,7589,4927,2861
경기, 시흥시,,남자,232951,35377,11981,12508,17464,16351,22209,21456,22907,22198,20250,13259,6840,4464,3145,1733,809
경기, 시흥시,,여자,218215,33978,11256,13401,14698,14492,19681,18416,21073,21015,17120,11728,6526,5141,4444,3194,2052
경기, 군포시,,계,261123,34523,13641,14282,18849,17968,20725,19943,24224,23425,23390,18412,10537,7804,6190,4304,2906
경기, 군포시,,남자,128228,17733,6880,6640,9698,9304,10579,9810,11748,11314,11393,9062,5244,3630,2578,1621,994
경기, 군포시,,여자,132895,16790,6761,7642,9151,8664,10146,10133,12476,12111,11997,9350,5293,4174,3612,2683,1912
경기, 의왕시,,계,150673,19070,7182,8961,10661,9473,11184,10690,13177,14101,14568,12059,6820,4861,3684,2474,1708
경기, 의왕시,,남자,74450,9848,3605,4135,5705,4929,5703,5440,6297,6840,7024,6037,3486,2342,1624,933,502
경기, 의왕시,,여자,76223,9222,3577,4826,4956,4544,5481,5250,6880,7261,7544,6022,3334,2519,2060,1541,1206
경기, 하남시,,계,254528,40534,9817,10873,16242,18306,26325,23063,21258,18976,19730,18105,12137,8626,5350,3123,2063
경기, 하남시,,남자,126779,20791,4970,4968,8253,9095,13256,12036,11122,9380,9440,8734,5983,4461,2511,1220,559
경기, 하남시,,여자,127749,19743,4847,5905,7989,9211,13069,11027,10136,9596,10290,9371,6154,4165,2839,1903,1504
경기, 용인시,소계,계,989764,159822,52741,52803,59130,58224,85116,89994,99875,82700,68578,54940,39866,34377,26477,15662,9459
경기, 용인시,소계,남자,487529,81917,26881,24324,30464,28844,41543,43907,49922,41738,34913,26536,18132,15623,12498,6980,3307
경기, 용인시,소계,여자,502235,77905,25860,28479,28666,29380,43573,46087,49953,40962,33665,28404,21734,18754,13979,8682,6152
경기, 용인시, 처인구,계,237751,33647,11249,14312,15533,14207,19656,19554,21475,20666,19594,15896,10734,8106,6333,4149,2640
경기, 용인시, 처인구,남자,120595,17326,5828,6975,8390,7590,10108,10240,11117,10477,10129,8002,5189,3904,2787,1690,843
경기, 용인시, 처인구,여자,117156,16321,5421,7337,7143,6617,9548,9314,10358,10189,9465,7894,5545,4202,3546,2459,1797
경기, 용인시, 기흥구,계,408613,69565,21762,20846,23292,23904,36430,38333,42551,33805,26786,21634,15733,13765,10519,6080,3608
경기, 용인시, 기흥구,남자,200436,35778,11085,9477,11987,11724,17614,18629,21222,17018,13455,10257,7065,6174,4962,2704,1285
경기, 용인시, 기흥구,여자,208177,33787,10677,11369,11305,12180,18816,19704,21329,16787,13331,11377,8668,7591,5557,3376,2323
경기, 용인시, 수지구,계,343400,56610,19730,17645,20305,20113,29030,32107,35849,28229,22198,17410,13399,12506,9625,5433,3211
경기, 용인시, 수지구,남자,166498,28813,9968,7872,10087,9530,13821,15038,17583,14243,11329,8277,5878,5545,4749,2586,1179
경기, 용인시, 수지구,여자,176902,27797,9762,9773,10218,10583,15209,17069,18266,13986,10869,9133,7521,6961,4876,2847,2032
경기, 파주시,,계,420588,67986,21129,19577,25531,27159,36378,35114,39862,34482,31555,25987,16423,14283,12357,8012,4753
경기, 파주시,,남자,209760,34779,10784,9247,12848,13934,18815,17666,20575,17901,16172,12865,7777,6469,5210,3173,1545
경기, 파주시,,여자,210828,33207,10345,10330,12683,13225,17563,17448,19287,16581,15383,13122,8646,7814,7147,4839,3208
경기, 이천시,,계,200370,30184,9660,10364,13349,12953,16060,16023,17330,16930,16689,13633,8693,6601,5597,3904,2400
경기, 이천시,,남자,101752,15605,5012,4981,7372,6594,8672,8009,9085,8621,8591,7043,4267,3193,2417,1529,761
경기, 이천시,,여자,98618,14579,4648,5383,5977,6359,7388,8014,8245,8309,8098,6590,4426,3408,3180,2375,1639
경기, 안성시,,계,174023,23264,8154,9815,10344,9759,13357,13430,15156,14795,14717,12861,8923,6842,5802,4255,2549
경기, 안성시,,남자,88473,11940,4174,4670,5852,5253,7109,7107,7981,7788,7601,6444,4426,3250,2449,1646,783
경기, 안성시,,여자,85550,11324,3980,5145,4492,4506,6248,6323,7175,7007,7116,6417,4497,3592,3353,2609,1766
경기, 김포시,,계,410416,73839,17786,16119,22573,26657,42406,39941,36661,30887,29326,25115,16655,13318,9619,5917,3597
경기, 김포시,,남자,203616,37643,9001,7461,11358,12701,20889,20601,19183,15536,14961,12187,7912,6422,4237,2393,1131
경기, 김포시,,여자,206800,36196,8785,8658,11215,13956,21517,19340,17478,15351,14365,12928,8743,6896,5382,3524,2466
경기, 화성시,,계,768956,151828,36823,34020,49082,61049,85123,77843,70321,55783,47309,35727,22473,16372,12079,8144,4980
경기, 화성시,,남자,393408,77527,18515,16088,26545,31275,43698,41144,37594,29617,24803,17910,10950,7922,5208,3152,1460
경기, 화성시,,여자,375548,74301,18308,17932,22537,29774,41425,36699,32727,26166,22506,17817,11523,8450,6871,4992,3520
경기, 광주시,,계,350406,51199,14877,16502,21442,23905,34071,29713,31291,29561,29009,25344,16108,11578,8238,4733,2835
경기, 광주시,,남자,177168,26143,7617,7831,11086,12245,17803,15740,16381,14860,14464,12601,8033,5740,3828,1939,857
경기, 광주시,,여자,173238,25056,7260,8671,10356,11660,16268,13973,14910,14701,14545,12743,8075,5838,4410,2794,1978
경기, 양주시,,계,207734,30668,10766,10532,12084,11068,15575,16833,19932,17965,16969,14931,9681,8197,6409,3941,2183
경기, 양주시,,남자,103990,15701,5411,5003,6344,5693,7865,8428,10301,9289,8754,7473,4653,3891,2853,1619,712
경기, 양주시,,여자,103744,14967,5355,5529,5740,5375,7710,8405,9631,8676,8215,7458,5028,4306,3556,2322,1471
경기, 포천시,,계,135779,14760,6220,7120,8203,6730,7676,8600,11499,13286,14232,12827,7410,6255,5229,3636,2096
경기, 포천시,,남자,70116,7701,3166,3585,4634,3664,4149,4448,6104,7099,7649,6864,3771,2983,2201,1410,688
경기, 포천시,,여자,65663,7059,3054,3535,3569,3066,3527,4152,5395,6187,6583,5963,3639,3272,3028,2226,1408
경기, 여주시,,계,102076,11887,4280,4799,5471,4862,6523,6841,8308,9100,9875,9206,6555,4955,4430,3080,1904
경기, 여주시,,남자,51516,6181,2194,2385,2990,2637,3315,3450,4358,4760,5059,4638,3303,2445,1952,1249,600
경기, 여주시,,여자,50560,5706,2086,2414,2481,2225,3208,3391,3950,4340,4816,4568,3252,2510,2478,1831,1304
경기, 연천군,,계,39677,4328,1293,1755,2455,1971,2112,2054,2691,3152,3803,3969,2639,2560,2263,1683,949
경기, 연천군,,남자,20488,2252,703,1037,1498,1118,1134,1098,1494,1690,1982,2049,1314,1186,953,644,336
경기, 연천군,,여자,19189,2076,590,718,957,853,978,956,1197,1462,1821,1920,1325,1374,1310,1039,613
경기, 가평군,,계,55249,5572,1966,2183,2675,2532,3016,3220,4052,4753,5702,5929,4054,3235,2923,2119,1318
경기, 가평군,,남자,27803,2826,1054,1130,1498,1353,1577,1682,2159,2475,2878,3025,2010,1555,1291,869,421
경기, 가평군,,여자,27446,2746,912,1053,1177,1179,1439,1538,1893,2278,2824,2904,2044,1680,1632,1250,897
경기, 양평군,,계,105056,11773,3772,3780,4615,4298,5890,6589,8267,8715,10605,11039,8124,6426,5277,3592,2294
경기, 양평군,,남자,52233,6089,2004,1910,2485,2241,2901,3309,4267,4465,5248,5428,3977,3242,2483,1450,734
경기, 양평군,,여자,52823,5684,1768,1870,2130,2057,2989,3280,4000,4250,5357,5611,4147,3184,2794,2142,1560
강원,소계,,계,1428480,170616,62065,72450,77990,71085,91389,96776,119424,123065,135101,126928,83389,67561,62916,42314,25411
강원,소계,,남자,712617,87736,32295,38595,42852,37564,46503,48988,61613,62930,67831,63620,40482,31591,26651,16187,7179
강원,소계,,여자,715863,82880,29770,33855,35138,33521,44886,47788,57811,60135,67270,63308,42907,35970,36265,26127,18232
강원, 춘천시,,계,265695,34127,13347,16283,16804,14883,18597,18418,22467,22341,23029,20775,12876,10567,9983,6958,4240
강원, 춘천시,,남자,129655,17564,6818,7920,8825,7584,9244,8953,11198,11140,11196,10101,6123,4793,4188,2699,1309
강원, 춘천시,,여자,136040,16563,6529,8363,7979,7299,9353,9465,11269,11201,11833,10674,6753,5774,5795,4259,2931
강원, 원주시,,계,329874,45012,16663,18580,20790,19343,24483,25253,30028,29425,28991,24469,14731,10694,10149,7076,4187
강원, 원주시,,남자,163155,23044,8752,9359,10921,9961,12176,12398,14818,14651,14549,12253,7173,4963,4203,2713,1221
강원, 원주시,,여자,166719,21968,7911,9221,9869,9382,12307,12855,15210,14774,14442,12216,7558,5731,5946,4363,2966
강원, 강릉시,,계,203057,22413,9563,13400,11293,9034,12281,13945,17433,16971,18507,17720,12166,10134,8755,5759,3683
강원, 강릉시,,남자,101154,11655,4975,7485,6491,4849,6190,7025,8972,8508,9050,8576,5695,4716,3733,2220,1014
강원, 강릉시,,여자,101903,10758,4588,5915,4802,4185,6091,6920,8461,8463,9457,9144,6471,5418,5022,3539,2669
강원, 동해시,,계,83888,10978,3897,3270,3815,3699,5527,6381,7840,7395,7690,7244,5055,4009,3611,2195,1282
강원, 동해시,,남자,42093,5668,1989,1838,2171,1958,2834,3249,4123,3823,3872,3493,2422,1878,1543,883,349
강원, 동해시,,여자,41795,5310,1908,1432,1644,1741,2693,3132,3717,3572,3818,3751,2633,2131,2068,1312,933
강원, 태백시,,계,40467,4658,1545,1356,1433,1510,2558,2996,3442,3600,3892,4065,3046,2481,2111,1245,529
강원, 태백시,,남자,20307,2374,798,763,775,800,1308,1584,1865,1942,2026,2043,1422,1104,907,455,141
강원, 태백시,,여자,20160,2284,747,593,658,710,1250,1412,1577,1658,1866,2022,1624,1377,1204,790,388
강원, 속초시,,계,76302,9182,3520,3153,3897,3830,5048,5320,6834,7076,7590,6842,4310,3568,2966,1901,1265
강원, 속초시,,남자,37488,4644,1817,1743,2126,2038,2610,2615,3402,3518,3690,3419,2025,1619,1226,681,315
강원, 속초시,,여자,38814,4538,1703,1410,1771,1792,2438,2705,3432,3558,3900,3423,2285,1949,1740,1220,950
강원, 삼척시,,계,61833,6388,2310,3585,2773,2583,3487,3932,4857,5148,6009,5808,4212,3556,3362,2308,1515
강원, 삼척시,,남자,31630,3304,1268,2290,1606,1380,1872,2126,2738,2744,3100,2888,2077,1695,1327,823,392
강원, 삼척시,,여자,30203,3084,1042,1295,1167,1203,1615,1806,2119,2404,2909,2920,2135,1861,2035,1485,1123
강원, 홍천군,,계,62531,6339,2012,2197,2802,2696,3271,3447,4467,5346,6898,7232,4637,3605,3391,2631,1560
강원, 홍천군,,남자,31608,3211,1028,1164,1595,1501,1719,1804,2389,2769,3525,3776,2415,1790,1471,1016,435
강원, 홍천군,,여자,30923,3128,984,1033,1207,1195,1552,1643,2078,2577,3373,3456,2222,1815,1920,1615,1125
강원, 횡성군,,계,41427,3700,1104,1441,1662,1509,1890,2005,2787,3560,4764,5122,3461,2719,2595,1936,1172
강원, 횡성군,,남자,20919,1912,606,750,929,794,984,1095,1482,1862,2425,2619,1798,1379,1174,787,323
강원, 횡성군,,여자,20508,1788,498,691,733,715,906,910,1305,1698,2339,2503,1663,1340,1421,1149,849
강원, 영월군,,계,34342,2891,1010,1069,1207,1170,1537,1821,2621,3100,3855,4010,2959,2306,2362,1559,865
강원, 영월군,,남자,17530,1524,515,581,698,648,829,976,1441,1686,2060,2114,1488,1123,995,619,233
강원, 영월군,,여자,16812,1367,495,488,509,522,708,845,1180,1414,1795,1896,1471,1183,1367,940,632
강원, 평창군,,계,37624,3346,1066,1105,1376,1318,1798,2126,2901,3442,4326,4516,3045,2525,2252,1613,869
강원, 평창군,,남자,19034,1722,567,626,748,696,983,1113,1602,1837,2207,2347,1530,1204,1007,625,220
강원, 평창군,,여자,18590,1624,499,479,628,622,815,1013,1299,1605,2119,2169,1515,1321,1245,988,649
강원, 정선군,,계,32728,3066,867,934,1137,1236,1700,1962,2559,2974,3685,3798,2616,2152,2089,1218,735
강원, 정선군,,남자,16876,1587,466,518,647,701,919,1101,1464,1656,1925,2031,1296,1032,898,445,190
강원, 정선군,,여자,15852,1479,401,416,490,535,781,861,1095,1318,1760,1767,1320,1120,1191,773,545
강원, 철원군,,계,40147,5158,1643,1635,2322,2120,2296,2433,2987,3217,3798,3493,2351,2351,2248,1335,760
강원, 철원군,,남자,20255,2674,824,917,1360,1155,1174,1275,1601,1664,2008,1737,1077,1101,942,511,235
강원, 철원군,,여자,19892,2484,819,718,962,965,1122,1158,1386,1553,1790,1756,1274,1250,1306,824,525
강원, 화천군,,계,21700,2704,684,943,1603,1364,1279,1199,1406,1689,2039,1927,1259,1130,1243,793,438
강원, 화천군,,남자,11302,1361,360,568,990,777,688,684,738,909,1080,1035,637,511,536,285,143
강원, 화천군,,여자,10398,1343,324,375,613,587,591,515,668,780,959,892,622,619,707,508,295
강원, 양구군,,계,19900,2725,640,785,1338,1207,1326,1149,1340,1509,1957,1801,1096,923,1052,664,388
강원, 양구군,,남자,10272,1386,335,485,797,672,686,605,725,808,1030,959,566,413,440,248,117
강원, 양구군,,여자,9628,1339,305,300,541,535,640,544,615,701,927,842,530,510,612,416,271
강원, 인제군,,계,28219,3754,776,1065,1636,1673,1946,1767,1933,2195,2939,2742,1641,1320,1333,923,576
강원, 인제군,,남자,14807,1934,432,636,951,964,1030,946,1093,1198,1520,1512,840,643,606,337,165
강원, 인제군,,여자,13412,1820,344,429,685,709,916,821,840,997,1419,1230,801,677,727,586,411
강원, 고성군,,계,23621,2016,687,814,1178,957,1057,1154,1699,1944,2501,2609,1856,1696,1675,1093,685
강원, 고성군,,남자,11933,1060,371,475,694,571,567,638,956,1055,1248,1341,912,762,693,398,192
강원, 고성군,,여자,11688,956,316,339,484,386,490,516,743,889,1253,1268,944,934,982,695,493
강원, 양양군,,계,25125,2159,731,835,924,953,1308,1468,1823,2133,2631,2755,2072,1825,1739,1107,662
강원, 양양군,,남자,12599,1112,374,477,528,515,690,801,1006,1160,1320,1376,986,865,762,442,185
강원, 양양군,,여자,12526,1047,357,358,396,438,618,667,817,973,1311,1379,1086,960,977,665,477
충북,소계,,계,1508987,197160,67231,85688,94929,86369,107998,107764,125390,132234,131121,118371,78739,59378,54613,39007,22995
충북,소계,,남자,758311,101069,34994,43932,53515,45717,55802,55287,64524,67042,66646,59395,38398,28117,22727,14478,6668
충북,소계,,여자,750676,96091,32237,41756,41414,40652,52196,52477,60866,65192,64475,58976,40341,31261,31886,24529,16327
충북, 충주시,,계,201057,23827,8751,11990,11769,10345,13079,13577,16602,18130,18518,16895,11206,8557,8379,5936,3496
충북, 충주시,,남자,101311,12171,4716,6392,6869,5638,6801,6899,8516,9265,9374,8579,5383,3945,3543,2192,1028
충북, 충주시,,여자,99746,11656,4035,5598,4900,4707,6278,6678,8086,8865,9144,8316,5823,4612,4836,3744,2468
충북, 제천시,,계,126666,14502,5401,6903,6539,5770,7476,7918,10294,11547,12121,12079,8386,6108,5762,3818,2042
충북, 제천시,,남자,63363,7370,2813,3701,3707,3021,3775,4040,5282,5934,6022,6080,4126,2885,2467,1522,618
충북, 제천시,,여자,63303,7132,2588,3202,2832,2749,3701,3878,5012,5613,6099,5999,4260,3223,3295,2296,1424
충북, 청주시,소계,계,802524,116867,39675,50134,58282,52962,64730,62608,69974,69753,63888,53354,33344,24189,20432,14058,8274
충북, 청주시,소계,남자,400902,59887,20419,24859,32380,27687,33108,31477,34963,34337,32148,26219,16138,11369,8457,5151,2303
충북, 청주시,소계,여자,401622,56980,19256,25275,25902,25275,31622,31131,35011,35416,31740,27135,17206,12820,11975,8907,5971
충북, 청주시, 상당구,계,167873,22979,8846,9494,10169,8527,11680,12543,15208,15770,14673,12399,8161,6079,5364,3757,2224
충북, 청주시, 상당구,남자,82711,11774,4535,4690,5501,4379,5856,6190,7521,7709,7449,6079,4023,2826,2187,1367,625
충북, 청주시, 상당구,여자,85162,11205,4311,4804,4668,4148,5824,6353,7687,8061,7224,6320,4138,3253,3177,2390,1599
충북, 청주시, 서원구,계,197002,25691,10500,14674,14097,11084,13592,14447,17656,17999,16657,14141,8863,6449,5375,3649,2128
충북, 청주시, 서원구,남자,97386,13123,5490,7406,7904,5745,6783,7082,8581,8746,8216,6895,4195,2989,2255,1388,588
충북, 청주시, 서원구,여자,99616,12568,5010,7268,6193,5339,6809,7365,9075,9253,8441,7246,4668,3460,3120,2261,1540
충북, 청주시, 흥덕구,계,248926,36660,11928,15066,20325,18366,21279,19888,22043,21824,19731,15476,9280,6374,5093,3503,2090
충북, 청주시, 흥덕구,남자,124808,18807,6103,7218,11181,9592,10904,9995,11021,10699,10045,7700,4514,3085,2094,1271,579
충북, 청주시, 흥덕구,여자,124118,17853,5825,7848,9144,8774,10375,9893,11022,11125,9686,7776,4766,3289,2999,2232,1511
충북, 청주시, 청원구,계,188723,31537,8401,10900,13691,14985,18179,15730,15067,14160,12827,11338,7040,5287,4600,3149,1832
충북, 청주시, 청원구,남자,95997,16183,4291,5545,7794,7971,9565,8210,7840,7183,6438,5545,3406,2469,1921,1125,511
충북, 청주시, 청원구,여자,92726,15354,4110,5355,5897,7014,8614,7520,7227,6977,6389,5793,3634,2818,2679,2024,1321
충북, 보은군,,계,29945,2441,873,1018,1036,1003,1231,1302,1921,2452,3149,3494,2554,2137,2256,1867,1211
충북, 보은군,,남자,14864,1297,450,563,582,526,668,701,1056,1329,1653,1784,1270,1050,884,693,358
충북, 보은군,,여자,15081,1144,423,455,454,477,563,601,865,1123,1496,1710,1284,1087,1372,1174,853
충북, 옥천군,,계,46182,4493,1688,1843,1773,1581,2360,2624,3310,3951,4667,4715,3830,2893,2877,2160,1417
충북, 옥천군,,남자,22957,2339,894,994,994,827,1212,1418,1793,2044,2367,2370,1900,1399,1174,796,436
충북, 옥천군,,여자,23225,2154,794,849,779,754,1148,1206,1517,1907,2300,2345,1930,1494,1703,1364,981
충북, 영동군,,계,44563,4013,1584,2226,1757,1570,1897,2201,3008,3745,4431,4698,3573,3036,3155,2356,1313
충북, 영동군,,남자,22177,2111,842,1241,1048,805,962,1165,1670,1999,2214,2419,1722,1418,1292,864,405
충북, 영동군,,여자,22386,1902,742,985,709,765,935,1036,1338,1746,2217,2279,1851,1618,1863,1492,908
충북, 진천군,,계,76197,11486,3154,3416,4447,4623,6492,6156,6215,6462,6283,5320,3629,2756,2474,2096,1188
충북, 진천군,,남자,39378,5907,1664,1824,2553,2535,3443,3317,3402,3494,3323,2739,1736,1337,1023,748,333
충북, 진천군,,여자,36819,5579,1490,1592,1894,2088,3049,2839,2813,2968,2960,2581,1893,1419,1451,1348,855
충북, 괴산군,,계,34160,2185,818,1429,1296,1070,1340,1468,2068,2940,3830,4288,3178,2576,2551,1924,1199
충북, 괴산군,,남자,17360,1077,455,849,756,607,764,817,1217,1562,1971,2262,1599,1307,1037,744,336
충북, 괴산군,,여자,16800,1108,363,580,540,463,576,651,851,1378,1859,2026,1579,1269,1514,1180,863
충북, 음성군,,계,85751,9977,3170,4065,4690,4414,5527,6015,7246,7870,8299,7614,5016,3850,3674,2662,1662
충북, 음성군,,남자,44540,5112,1658,2109,2685,2418,2995,3336,4054,4294,4502,3918,2525,1877,1589,977,491
충북, 음성군,,여자,41211,4865,1512,1956,2005,1996,2532,2679,3192,3576,3797,3696,2491,1973,2085,1685,1171
충북, 단양군,,계,26478,2082,708,795,1035,875,1137,1271,1911,2388,3054,3267,2238,1943,1816,1251,707
충북, 단양군,,남자,13293,1087,370,432,585,480,599,709,1045,1254,1569,1682,1131,902,754,468,226
충북, 단양군,,여자,13185,995,338,363,450,395,538,562,866,1134,1485,1585,1107,1041,1062,783,481
충북, 증평군,,계,35464,5287,1409,1869,2305,2156,2729,2624,2841,2996,2881,2647,1785,1333,1237,879,486
충북, 증평군,,남자,18166,2711,713,968,1356,1173,1475,1408,1526,1530,1503,1343,868,628,507,323,134
충북, 증평군,,여자,17298,2576,696,901,949,983,1254,1216,1315,1466,1378,1304,917,705,730,556,352
충남,소계,,계,1997781,276631,87462,103121,114740,118213,153326,148400,165901,161647,165216,143726,103694,83315,75688,59145,37556
충남,소계,,남자,1007023,142195,44726,50945,62835,62724,80747,78087,87995,84403,85178,71803,50293,39702,31520,22139,11731
충남,소계,,여자,990758,134436,42736,52176,51905,55489,72579,70313,77906,77244,80038,71923,53401,43613,44168,37006,25825
충남, 천안시,소계,계,626653,96756,32242,41325,47159,47492,57285,52117,55749,51943,47023,34457,20982,15387,12547,8727,5462
충남, 천안시,소계,남자,315315,49743,16158,19115,24715,24960,30000,26828,28277,26133,24354,17446,10272,7275,5187,3209,1643
충남, 천안시,소계,여자,311338,47013,16084,22210,22444,22532,27285,25289,27472,25810,22669,17011,10710,8112,7360,5518,3819
충남, 천안시, 동남구,계,251256,34187,13251,18494,17158,14820,19321,19945,22170,21510,21226,16570,10718,7859,6510,4625,2892
충남, 천안시, 동남구,남자,125551,17685,6623,8524,9232,7855,9841,10201,11286,10786,10851,8278,5295,3770,2723,1739,862
충남, 천안시, 동남구,여자,125705,16502,6628,9970,7926,6965,9480,9744,10884,10724,10375,8292,5423,4089,3787,2886,2030
충남, 천안시, 서북구,계,375397,62569,18991,22831,30001,32672,37964,32172,33579,30433,25797,17887,10264,7528,6037,4102,2570
충남, 천안시, 서북구,남자,189764,32058,9535,10591,15483,17105,20159,16627,16991,15347,13503,9168,4977,3505,2464,1470,781
충남, 천안시, 서북구,여자,185633,30511,9456,12240,14518,15567,17805,15545,16588,15086,12294,8719,5287,4023,3573,2632,1789
충남, 공주시,,계,98934,9780,3905,6204,5211,4392,5272,5715,7179,8179,9723,9343,6805,5332,5134,4067,2693
충남, 공주시,,남자,49143,5054,2046,2994,2942,2347,2719,3050,3699,4234,4923,4671,3377,2553,2117,1526,891
충남, 공주시,,여자,49791,4726,1859,3210,2269,2045,2553,2665,3480,3945,4800,4672,3428,2779,3017,2541,1802
충남, 보령시,,계,93070,10324,3241,3684,4113,4093,5543,6026,7401,7661,8933,8666,6739,5575,4919,3799,2353
충남, 보령시,,남자,46468,5243,1601,1970,2390,2194,2959,3257,3994,4051,4544,4284,3177,2567,2083,1441,713
충남, 보령시,,여자,46602,5081,1640,1714,1723,1899,2584,2769,3407,3610,4389,4382,3562,3008,2836,2358,1640
충남, 아산시,,계,298717,52066,14039,15033,17212,20410,29426,26570,26384,22887,20790,16615,11330,8976,7737,5770,3472
충남, 아산시,,남자,152655,26726,7106,7402,9438,10551,15558,14230,14402,12179,10934,8202,5350,4126,3222,2185,1044
충남, 아산시,,여자,146062,25340,6933,7631,7774,9859,13868,12340,11982,10708,9856,8413,5980,4850,4515,3585,2428
충남, 서산시,,계,163658,24077,7054,6799,8954,9574,12497,12534,14066,13777,13743,11325,8296,6891,6072,4778,3221
충남, 서산시,,남자,83783,12409,3812,3588,5158,5220,6573,6532,7560,7316,7164,5634,4083,3372,2615,1809,938
충남, 서산시,,여자,79875,11668,3242,3211,3796,4354,5924,6002,6506,6461,6579,5691,4213,3519,3457,2969,2283
충남, 논산시,,계,109021,12164,4372,5015,5290,4913,6065,6571,8278,8819,10135,10052,7580,6065,5930,4756,3016
충남, 논산시,,남자,53875,6233,2205,2633,2925,2543,3123,3439,4426,4558,5128,5071,3663,2793,2417,1732,986
충남, 논산시,,여자,55146,5931,2167,2382,2365,2370,2942,3132,3852,4261,5007,4981,3917,3272,3513,3024,2030
충남, 계룡시,,계,40062,7123,2662,1880,1831,1643,3000,3651,4669,3739,2972,2436,1537,1059,806,613,441
충남, 계룡시,,남자,19798,3665,1374,999,1009,820,1415,1703,2326,1886,1496,1178,772,512,331,189,123
충남, 계룡시,,여자,20264,3458,1288,881,822,823,1585,1948,2343,1853,1476,1258,765,547,475,424,318
충남, 당진시,,계,156610,24319,5908,5958,8303,10139,13581,12313,12765,12322,12384,10816,7817,6412,5839,4826,2908
충남, 당진시,,남자,81970,12552,2974,3053,4857,5722,7475,6800,7181,6859,6654,5523,3836,3200,2537,1842,905
충남, 당진시,,여자,74640,11767,2934,2905,3446,4417,6106,5513,5584,5463,5730,5293,3981,3212,3302,2984,2003
충남, 금산군,,계,48333,4593,1721,2485,1824,1652,2261,2611,3448,3918,4771,4735,3905,3219,3216,2516,1458
충남, 금산군,,남자,24142,2366,900,1406,1047,859,1165,1388,1911,2111,2507,2369,1915,1519,1295,910,474
충남, 금산군,,여자,24191,2227,821,1079,777,793,1096,1223,1537,1807,2264,2366,1990,1700,1921,1606,984
충남, 부여군,,계,60848,5160,2037,2216,2253,1978,2557,2989,4054,4669,6024,6584,5233,4448,4418,3726,2502
충남, 부여군,,남자,29958,2714,1117,1178,1280,1047,1370,1603,2202,2466,2972,3316,2556,2102,1839,1362,834
충남, 부여군,,여자,30890,2446,920,1038,973,931,1187,1386,1852,2203,3052,3268,2677,2346,2579,2364,1668
충남, 서천군,,계,48065,3925,1355,1543,1694,1511,2040,2363,3249,3635,4553,5072,4357,3844,3693,3113,2118
충남, 서천군,,남자,23558,1990,717,859,954,848,1110,1299,1753,1961,2329,2528,2027,1838,1473,1200,672
충남, 서천군,,여자,24507,1935,638,684,740,663,930,1064,1496,1674,2224,2544,2330,2006,2220,1913,1446
충남, 청양군,,계,28735,2130,806,1164,1094,983,1115,1298,1801,2262,2978,3081,2476,2120,2170,1968,1289
충남, 청양군,,남자,14435,1095,435,616,628,547,636,746,1047,1266,1544,1510,1282,1023,860,744,456
충남, 청양군,,여자,14300,1035,371,548,466,436,479,552,754,996,1434,1571,1194,1097,1310,1224,833
충남, 홍성군,,계,94962,12566,4116,4814,4436,4529,6180,6458,7513,7312,8140,7373,5805,4835,4583,3860,2442
충남, 홍성군,,남자,46923,6463,2195,2428,2392,2369,3114,3244,4014,3808,4086,3667,2741,2348,1848,1446,760
충남, 홍성군,,여자,48039,6103,1921,2386,2044,2160,3066,3214,3499,3504,4054,3706,3064,2487,2735,2414,1682
충남, 예산군,,계,73032,6310,2370,3078,3106,2671,3457,3923,5347,5921,7407,7279,5952,4866,4850,3989,2506
충남, 예산군,,남자,36332,3234,1230,1581,1766,1470,1873,2118,2957,3169,3708,3641,2845,2341,2073,1538,788
충남, 예산군,,여자,36700,3076,1140,1497,1340,1201,1584,1805,2390,2752,3699,3638,3107,2525,2777,2451,1718
충남, 태안군,,계,57081,5338,1634,1923,2260,2233,3047,3261,3998,4603,5640,5892,4880,4286,3774,2637,1675
충남, 태안군,,남자,28668,2708,856,1123,1334,1227,1657,1850,2246,2406,2835,2763,2397,2133,1623,1006,504
충남, 태안군,,여자,28413,2630,778,800,926,1006,1390,1411,1752,2197,2805,3129,2483,2153,2151,1631,1171
전북,소계,,계,1698324,213409,78343,95313,94270,82525,109203,117267,144375,143278,146809,131588,99491,83440,73315,52646,33052
전북,소계,,남자,837533,109860,39439,47779,50358,42107,55430,59647,74354,73412,74090,65202,48072,38654,29928,19363,9838
전북,소계,,여자,860791,103549,38904,47534,43912,40418,53773,57620,70021,69866,72719,66386,51419,44786,43387,33283,23214
전북, 전주시,소계,계,628012,88312,34859,41617,42041,35668,45632,47965,57413,53851,50973,41443,29621,23021,17632,11460,6504
전북, 전주시,소계,남자,307522,45516,17162,20057,22131,18023,22631,23368,28215,26365,25102,20052,14113,10572,7590,4533,2092
전북, 전주시,소계,여자,320490,42796,17697,21560,19910,17645,23001,24597,29198,27486,25871,21391,15508,12449,10042,6927,4412
전북, 전주시, 완산구,계,324110,41302,18512,21721,21863,17694,21672,23352,30126,29031,27808,22967,16336,12478,9424,6167,3657
전북, 전주시, 완산구,남자,157102,21357,9213,10197,11349,8999,10739,11203,14451,14043,13439,11030,7752,5776,4019,2384,1151
전북, 전주시, 완산구,여자,167008,19945,9299,11524,10514,8695,10933,12149,15675,14988,14369,11937,8584,6702,5405,3783,2506
전북, 전주시, 덕진구,계,303902,47010,16347,19896,20178,17974,23960,24613,27287,24820,23165,18476,13285,10543,8208,5293,2847
전북, 전주시, 덕진구,남자,150420,24159,7949,9860,10782,9024,11892,12165,13764,12322,11663,9022,6361,4796,3571,2149,941
전북, 전주시, 덕진구,여자,153482,22851,8398,10036,9396,8950,12068,12448,13523,12498,11502,9454,6924,5747,4637,3144,1906
전북, 군산시,,계,253097,34575,11822,13382,13169,12915,18875,19475,23174,20931,21132,19424,14339,11493,9011,5702,3678
전북, 군산시,,남자,126535,17708,5848,6766,7092,6650,9753,10027,12136,10796,10730,9577,7078,5403,3762,2174,1035
전북, 군산시,,여자,126562,16867,5974,6616,6077,6265,9122,9448,11038,10135,10402,9847,7261,6090,5249,3528,2643
전북, 익산시,,계,270779,33066,13219,18320,16622,13006,16819,18299,23166,23739,24275,21242,15327,11953,10121,6999,4606
전북, 익산시,,남자,134541,16877,6778,9475,9123,6832,8643,9299,11627,11913,12175,10614,7433,5622,4203,2526,1401
전북, 익산시,,여자,136238,16189,6441,8845,7499,6174,8176,9000,11539,11826,12100,10628,7894,6331,5918,4473,3205
전북, 정읍시,,계,99749,10902,3758,4162,4288,3894,5110,6345,8080,8498,9134,8571,6661,6417,6142,4747,3040
전북, 정읍시,,남자,49037,5655,2038,2096,2305,2049,2652,3260,4265,4566,4701,4353,3132,2974,2439,1705,847
전북, 정읍시,,여자,50712,5247,1720,2066,1983,1845,2458,3085,3815,3932,4433,4218,3529,3443,3703,3042,2193
전북, 남원시,,계,73845,8353,2788,2836,3064,2821,3721,4412,5990,6502,6744,6383,5184,4719,4482,3544,2302
전북, 남원시,,남자,35836,4382,1395,1498,1609,1382,1861,2149,3212,3385,3510,3158,2559,2091,1720,1244,681
전북, 남원시,,여자,38009,3971,1393,1338,1455,1439,1860,2263,2778,3117,3234,3225,2625,2628,2762,2300,1621
전북, 김제시,,계,75211,7277,2418,2909,3151,2801,3782,4141,5321,5892,7104,7140,5905,5277,5153,4056,2884
전북, 김제시,,남자,36619,3762,1175,1488,1700,1442,1993,2271,2970,3162,3600,3561,2771,2431,2060,1411,822
전북, 김제시,,여자,38592,3515,1243,1421,1451,1359,1789,1870,2351,2730,3504,3579,3134,2846,3093,2645,2062
전북, 완주군,,계,86410,11394,3606,5050,4127,3994,5876,5990,6815,6842,7402,6845,5249,4409,3973,3036,1802
전북, 완주군,,남자,43862,5793,1917,2708,2263,1975,3008,3251,3820,3761,3861,3477,2625,2114,1611,1116,562
전북, 완주군,,여자,42548,5601,1689,2342,1864,2019,2868,2739,2995,3081,3541,3368,2624,2295,2362,1920,1240
전북, 진안군,,계,22048,1965,491,707,776,717,923,1027,1442,1822,2230,2226,1887,1776,1744,1413,902
전북, 진안군,,남자,10926,993,268,385,398,315,464,597,820,1051,1195,1151,958,844,735,493,259
전북, 진안군,,여자,11122,972,223,322,378,402,459,430,622,771,1035,1075,929,932,1009,920,643
전북, 무주군,,계,21857,2058,574,619,785,739,928,1164,1559,1844,2131,2165,1810,1517,1758,1344,862
전북, 무주군,,남자,10779,1065,297,337,408,392,485,636,885,1033,1126,1114,873,669,708,497,254
전북, 무주군,,여자,11078,993,277,282,377,347,443,528,674,811,1005,1051,937,848,1050,847,608
전북, 장수군,,계,20084,1990,469,646,699,711,916,1029,1336,1656,1893,1962,1761,1415,1569,1219,813
전북, 장수군,,남자,9869,1029,249,341,377,353,479,592,750,912,1016,964,886,676,586,406,253
전북, 장수군,,여자,10215,961,220,305,322,358,437,437,586,744,877,998,875,739,983,813,560
전북, 임실군,,계,25064,2183,737,1117,993,920,1048,1185,1533,1946,2332,2288,2020,1950,2033,1699,1080
전북, 임실군,,남자,12476,1152,398,546,545,466,568,708,907,1082,1237,1210,1007,909,793,618,330
전북, 임실군,,여자,12588,1031,339,571,448,454,480,477,626,864,1095,1078,1013,1041,1240,1081,750
전북, 순창군,,계,25304,2651,787,747,890,900,1195,1300,1750,1985,2322,2310,1900,1937,2105,1620,905
전북, 순창군,,남자,12130,1383,407,395,426,397,572,715,993,1080,1214,1175,901,853,750,596,273
전북, 순창군,,여자,13174,1268,380,352,464,503,623,585,757,905,1108,1135,999,1084,1355,1024,632
전북, 고창군,,계,49705,4489,1414,1614,1879,1771,2146,2501,3458,3992,4629,4848,3917,3870,4128,3075,1974
전북, 고창군,,남자,24257,2376,751,864,1010,923,1162,1415,1939,2208,2350,2408,1877,1767,1601,1067,539
전북, 고창군,,여자,25448,2113,663,750,869,848,984,1086,1519,1784,2279,2440,2040,2103,2527,2008,1435
전북, 부안군,,계,47159,4194,1401,1587,1786,1668,2232,2434,3338,3778,4508,4741,3910,3686,3464,2732,1700
전북, 부안군,,남자,23144,2169,756,823,971,908,1159,1359,1815,2098,2273,2388,1859,1729,1370,977,490
전북, 부안군,,여자,24015,2025,645,764,815,760,1073,1075,1523,1680,2235,2353,2051,1957,2094,1755,1210
전남,소계,,계,1674433,210609,65598,73798,82092,77205,106309,110823,136227,143638,149669,135403,103136,92245,87315,61617,38749
전남,소계,,남자,829911,107680,33866,38585,43541,39563,55228,57917,72222,76299,76782,68132,50134,42683,35210,21561,10508
전남,소계,,여자,844522,102929,31732,35213,38551,37642,51081,52906,64005,67339,72887,67271,53002,49562,52105,40056,28241
전남, 목포시,,계,217091,31741,11219,11155,11404,10855,16741,17524,19949,18289,18013,15974,11126,9508,7250,4085,2258
전남, 목포시,,남자,107238,16262,5713,5635,5812,5409,8599,9031,10162,9357,8638,7756,5302,4363,3083,1473,643
전남, 목포시,,여자,109853,15479,5506,5520,5592,5446,8142,8493,9787,8932,9375,8218,5824,5145,4167,2612,1615
전남, 여수시,,계,257459,33477,11540,12112,14329,13024,17663,18126,22311,22677,23582,20752,15733,12474,9894,5915,3850
전남, 여수시,,남자,129856,17063,6003,6704,7888,6974,9250,9342,11633,11737,11868,10245,7808,5929,4189,2199,1024
전남, 여수시,,여자,127603,16414,5537,5408,6441,6050,8413,8784,10678,10940,11714,10507,7925,6545,5705,3716,2826
전남, 순천시,,계,258508,37659,13359,14442,15430,13779,18382,18849,23223,24004,22745,17740,12025,9384,8095,5649,3743
전남, 순천시,,남자,127392,19410,6813,7111,8120,6992,9106,9063,11444,11884,11563,8966,5988,4464,3354,2028,1086
전남, 순천시,,여자,131116,18249,6546,7331,7310,6787,9276,9786,11779,12120,11182,8774,6037,4920,4741,3621,2657
전남, 나주시,,계,102246,14382,3267,4310,5710,6087,7932,7409,7482,7445,8148,7799,5869,5300,5195,3605,2306
전남, 나주시,,남자,50367,7346,1647,2108,2869,3001,4110,4018,4181,3928,4162,3903,2839,2378,2061,1196,620
전남, 나주시,,여자,51879,7036,1620,2202,2841,3086,3822,3391,3301,3517,3986,3896,3030,2922,3134,2409,1686
전남, 광양시,,계,136701,21239,6257,6485,7845,7757,10407,10364,12905,14999,12080,8790,5625,4027,3443,2709,1769
전남, 광양시,,남자,69766,10823,3163,3463,4263,4028,5503,5260,6335,8248,6449,4637,2922,1930,1318,972,452
전남, 광양시,,여자,66935,10416,3094,3022,3582,3729,4904,5104,6570,6751,5631,4153,2703,2097,2125,1737,1317
전남, 담양군,,계,39391,3491,981,1634,1783,1516,1812,1912,2741,3261,3971,3786,3103,2869,2984,2167,1380
전남, 담양군,,남자,19376,1757,554,877,920,773,965,1064,1575,1711,2081,1925,1496,1343,1169,763,403
전남, 담양군,,여자,20015,1734,427,757,863,743,847,848,1166,1550,1890,1861,1607,1526,1815,1404,977
전남, 곡성군,,계,25420,1990,749,1222,1001,733,976,1172,1694,2003,2379,2372,1953,1957,2154,1884,1181
전남, 곡성군,,남자,12377,1041,411,656,561,393,549,627,948,1117,1233,1225,956,861,812,646,341
전남, 곡성군,,여자,13043,949,338,566,440,340,427,545,746,886,1146,1147,997,1096,1342,1238,840
전남, 구례군,,계,22648,1939,531,718,761,686,973,1133,1618,1977,2288,2226,1829,1734,1915,1464,856
전남, 구례군,,남자,10860,982,269,350,385,343,531,569,912,1085,1205,1105,853,765,716,542,248
전남, 구례군,,여자,11788,957,262,368,376,343,442,564,706,892,1083,1121,976,969,1199,922,608
전남, 고흥군,,계,57330,4252,1173,1538,1694,1523,2068,2487,3550,4231,5496,5982,5497,5264,5494,4145,2936
전남, 고흥군,,남자,27685,2164,657,849,927,811,1105,1407,2088,2366,2845,2973,2622,2377,2256,1434,804
전남, 고흥군,,여자,29645,2088,516,689,767,712,963,1080,1462,1865,2651,3009,2875,2887,3238,2711,2132
전남, 보성군,,계,35928,2977,791,1107,1137,1098,1379,1603,2303,2737,3356,3623,3127,3013,3248,2608,1821
전남, 보성군,,남자,17253,1513,416,588,624,551,723,869,1322,1542,1744,1825,1463,1392,1279,909,493
전남, 보성군,,여자,18675,1464,375,519,513,547,656,734,981,1195,1612,1798,1664,1621,1969,1699,1328
전남, 화순군,,계,55338,5973,2439,2556,2581,1907,2648,3259,4705,4947,5149,4517,3431,3377,3628,2662,1559
전남, 화순군,,남자,26670,3080,1242,1254,1332,959,1310,1630,2439,2642,2695,2308,1634,1452,1356,886,451
전남, 화순군,,여자,28668,2893,1197,1302,1249,948,1338,1629,2266,2305,2454,2209,1797,1925,2272,1776,1108
전남, 장흥군,,계,34009,3162,929,1155,1229,1158,1596,1633,2329,2739,3208,3233,2612,2539,2664,2214,1609
전남, 장흥군,,남자,16311,1645,487,603,637,581,857,886,1273,1474,1645,1602,1258,1128,1090,749,396
전남, 장흥군,,여자,17698,1517,442,552,592,577,739,747,1056,1265,1563,1631,1354,1411,1574,1465,1213
전남, 강진군,,계,30984,2909,797,1066,1129,1038,1335,1476,2026,2395,2967,3071,2477,2496,2508,2005,1289
전남, 강진군,,남자,14729,1471,392,565,577,501,662,803,1122,1315,1477,1533,1189,1108,1005,704,305
전남, 강진군,,여자,16255,1438,405,501,552,537,673,673,904,1080,1490,1538,1288,1388,1503,1301,984
전남, 해남군,,계,61147,6450,1588,1989,2117,2167,2948,3301,4258,4888,5713,5896,4822,4707,4750,3394,2159
전남, 해남군,,남자,29830,3247,846,1039,1133,1063,1466,1813,2425,2684,2999,2965,2294,2205,1913,1192,546
전남, 해남군,,여자,31317,3203,742,950,984,1104,1482,1488,1833,2204,2714,2931,2528,2502,2837,2202,1613
전남, 영암군,,계,49208,5868,1646,1902,2026,2105,3094,3181,3965,4244,4459,4024,3055,2922,3032,2270,1415
전남, 영암군,,남자,25034,2998,883,1003,1076,1094,1790,1842,2309,2430,2459,2053,1438,1318,1176,763,402
전남, 영암군,,여자,24174,2870,763,899,950,1011,1304,1339,1656,1814,2000,1971,1617,1604,1856,1507,1013
전남, 무안군,,계,73190,11241,3095,3825,3420,3520,5581,5680,5960,5527,5488,5020,4055,3716,3431,2277,1354
전남, 무안군,,남자,36499,5725,1617,2127,1768,1786,2778,2922,3221,2980,2876,2457,1961,1766,1386,776,353
전남, 무안군,,여자,36691,5516,1478,1698,1652,1734,2803,2758,2739,2547,2612,2563,2094,1950,2045,1501,1001
전남, 함평군,,계,27888,2257,660,904,948,891,1104,1322,1819,2289,2690,2805,2312,2339,2555,1888,1105
전남, 함평군,,남자,13806,1182,368,512,536,465,606,720,1082,1332,1448,1446,1107,1055,1000,633,314
전남, 함평군,,여자,14082,1075,292,392,412,426,498,602,737,957,1242,1359,1205,1284,1555,1255,791
전남, 영광군,,계,46722,5386,1425,1689,2110,2092,2448,2655,3430,3674,4160,4093,3372,3294,3371,2318,1205
전남, 영광군,,남자,22997,2739,732,929,1077,1043,1269,1478,1920,2000,2167,2075,1579,1498,1341,800,350
전남, 영광군,,여자,23725,2647,693,760,1033,1049,1179,1177,1510,1674,1993,2018,1793,1796,2030,1518,855
전남, 장성군,,계,38235,4284,972,1296,1707,1497,2061,2164,2814,3055,3539,3335,2702,2665,2819,2101,1224
전남, 장성군,,남자,18789,2182,495,674,904,740,1077,1215,1572,1691,1862,1692,1275,1210,1116,734,350
전남, 장성군,,여자,19446,2102,477,622,803,757,984,949,1242,1364,1677,1643,1427,1455,1703,1367,874
전남, 완도군,,계,44786,4892,1032,1150,1550,1702,2443,2585,3194,3414,4240,4243,3422,3501,3521,2429,1468
전남, 완도군,,남자,22541,2513,549,665,890,908,1355,1508,1844,1946,2143,2133,1664,1654,1492,890,387
전남, 완도군,,여자,22245,2379,483,485,660,794,1088,1077,1350,1468,2097,2110,1758,1847,2029,1539,1081
전남, 진도군,,계,26956,2704,649,733,996,895,1263,1416,1804,2139,2579,2590,2067,2184,2351,1618,968
전남, 진도군,,남자,13233,1347,338,412,563,459,714,804,1029,1184,1340,1358,998,1031,900,539,217
전남, 진도군,,여자,13723,1357,311,321,433,436,549,612,775,955,1239,1232,1069,1153,1451,1079,751
전남, 신안군,,계,33248,2336,499,810,1185,1175,1455,1572,2147,2704,3419,3532,2922,2975,3013,2210,1294
전남, 신안군,,남자,17302,1190,271,461,679,689,903,1046,1386,1646,1883,1950,1488,1456,1198,733,323
전남, 신안군,,여자,15946,1146,228,349,506,486,552,526,761,1058,1536,1582,1434,1519,1815,1477,971
경북,소계,,계,2477500,302082,97894,115450,130099,127730,168548,168873,204099,214710,229918,208394,156774,117030,110234,78532,47133
경북,소계,,남자,1235138,156389,50771,60688,72527,68333,87078,87317,105257,109834,116421,103589,75681,55254,44582,27991,13426
경북,소계,,여자,1242362,145693,47123,54762,57572,59397,81470,81556,98842,104876,113497,104805,81093,61776,65652,50541,33707
경북, 포항시,소계,계,476007,63478,20919,20170,25225,25094,35402,34570,41945,43778,46126,42468,29213,19275,14769,8606,4969
경북, 포항시,소계,남자,238050,32998,10822,10389,14082,13265,18080,17420,20821,21948,22768,20601,14703,9398,6315,3101,1339
경북, 포항시,소계,여자,237957,30480,10097,9781,11143,11829,17322,17150,21124,21830,23358,21867,14510,9877,8454,5505,3630
경북, 포항시, 남구,계,221143,29094,9507,8934,12067,11826,16443,16177,19564,20632,21176,19997,13940,9088,6767,3806,2125
경북, 포항시, 남구,남자,112611,15138,4951,4648,6830,6437,8543,8366,10022,10721,10725,9752,7087,4467,3003,1365,556
경북, 포항시, 남구,여자,108532,13956,4556,4286,5237,5389,7900,7811,9542,9911,10451,10245,6853,4621,3764,2441,1569
경북, 포항시, 북구,계,254864,34384,11412,11236,13158,13268,18959,18393,22381,23146,24950,22471,15273,10187,8002,4800,2844
경북, 포항시, 북구,남자,125439,17860,5871,5741,7252,6828,9537,9054,10799,11227,12043,10849,7616,4931,3312,1736,783
경북, 포항시, 북구,여자,129425,16524,5541,5495,5906,6440,9422,9339,11582,11919,12907,11622,7657,5256,4690,3064,2061
경북, 경주시,,계,239382,26094,9831,12728,12627,11024,14732,15372,20497,21756,22908,21067,15823,12046,10810,7522,4545
경북, 경주시,,남자,119114,13426,5191,6721,7243,5867,7660,8042,10497,11134,11636,10386,7449,5651,4375,2571,1265
경북, 경주시,,여자,120268,12668,4640,6007,5384,5157,7072,7330,10000,10622,11272,10681,8374,6395,6435,4951,3280
경북, 김천시,,계,129665,15904,4560,5871,6662,6470,8710,8467,10080,10904,11950,10982,8626,6505,6224,4799,2951
경북, 김천시,,남자,63978,8198,2253,2994,3665,3455,4526,4480,5221,5600,6094,5405,4090,3012,2412,1716,857
경북, 김천시,,여자,65687,7706,2307,2877,2997,3015,4184,3987,4859,5304,5856,5577,4536,3493,3812,3083,2094
경북, 안동시,,계,148890,17220,5828,7443,7272,6746,8941,9817,11881,12320,13759,12773,10156,7913,7938,5484,3399
경북, 안동시,,남자,73525,9017,2932,3977,4020,3514,4463,4970,6272,6326,6807,6346,4736,3786,3274,2078,1007
경북, 안동시,,여자,75365,8203,2896,3466,3252,3232,4478,4847,5609,5994,6952,6427,5420,4127,4664,3406,2392
경북, 구미시,,계,396338,65201,19866,21914,27303,29474,37372,34325,37038,35504,31549,21469,12854,8114,6847,4696,2812
경북, 구미시,,남자,201545,33720,10299,11730,14793,15650,19305,17197,18354,17611,16529,11162,6340,3849,2664,1599,743
경북, 구미시,,여자,194793,31481,9567,10184,12510,13824,18067,17128,18684,17893,15020,10307,6514,4265,4183,3097,2069
경북, 영주시,,계,97309,10639,3435,4276,4046,3679,5124,6102,7683,8369,9529,9110,7611,5630,5674,4024,2378
경북, 영주시,,남자,47843,5506,1683,2310,2329,1999,2607,3094,4019,4257,4763,4446,3563,2659,2349,1558,701
경북, 영주시,,여자,49466,5133,1752,1966,1717,1680,2517,3008,3664,4112,4766,4664,4048,2971,3325,2466,1677
경북, 영천시,,계,92731,8710,3013,3632,4401,4192,5168,5179,6887,7979,9054,8964,7467,5877,5724,4091,2393
경북, 영천시,,남자,46027,4474,1638,1915,2461,2263,2783,2791,3618,4193,4563,4526,3586,2770,2301,1438,707
경북, 영천시,,여자,46704,4236,1375,1717,1940,1929,2385,2388,3269,3786,4491,4438,3881,3107,3423,2653,1686
경북, 상주시,,계,90827,8653,2790,3667,3523,3325,4273,4729,6454,7320,9163,9218,7317,6036,6224,4955,3180
경북, 상주시,,남자,44325,4479,1569,2067,2010,1818,2258,2459,3424,3847,4626,4552,3449,2835,2358,1724,850
경북, 상주시,,여자,46502,4174,1221,1600,1513,1507,2015,2270,3030,3473,4537,4666,3868,3201,3866,3231,2330
경북, 문경시,,계,64832,6365,2281,2093,2312,2411,3351,3738,4627,5220,6455,6713,5394,4362,4414,3193,1903
경북, 문경시,,남자,31547,3361,1207,1095,1265,1309,1732,1957,2476,2689,3231,3294,2537,2011,1782,1083,518
경북, 문경시,,여자,33285,3004,1074,998,1047,1102,1619,1781,2151,2531,3224,3419,2857,2351,2632,2110,1385
경북, 경산시,,계,255939,31858,11889,18809,17424,15063,18826,18420,22136,21851,21534,18301,13176,9786,8390,5452,3024
경북, 경산시,,남자,127793,16313,6138,9336,9970,8162,9698,9469,11090,10880,10713,8973,6209,4471,3459,1997,915
경북, 경산시,,여자,128146,15545,5751,9473,7454,6901,9128,8951,11046,10971,10821,9328,6967,5315,4931,3455,2109
경북, 군위군,,계,20861,1132,316,588,677,647,709,831,1126,1699,2284,2492,2141,1843,1953,1543,880
경북, 군위군,,남자,10491,611,169,326,406,370,378,493,648,953,1206,1308,1049,911,810,568,285
경북, 군위군,,여자,10370,521,147,262,271,277,331,338,478,746,1078,1184,1092,932,1143,975,595
경북, 의성군,,계,47133,2930,730,1114,1533,1502,1653,1842,2499,3508,4892,5614,4971,3999,4586,3618,2142
경북, 의성군,,남자,22823,1531,375,613,879,837,876,1083,1411,1932,2437,2819,2393,1840,1884,1285,628
경북, 의성군,,여자,24310,1399,355,501,654,665,777,759,1088,1576,2455,2795,2578,2159,2702,2333,1514
경북, 청송군,,계,23031,1564,400,607,786,786,941,973,1366,1972,2543,2685,2279,1856,2016,1476,781
경북, 청송군,,남자,11451,815,191,326,470,500,500,550,780,1058,1293,1336,1136,877,804,553,262
경북, 청송군,,여자,11580,749,209,281,316,286,441,423,586,914,1250,1349,1143,979,1212,923,519
경북, 영양군,,계,15272,1223,278,313,489,467,596,666,1014,1222,1671,1659,1374,1223,1469,1011,597
경북, 영양군,,남자,7531,644,163,166,271,242,307,381,604,697,850,832,667,578,601,360,168
경북, 영양군,,여자,7741,579,115,147,218,225,289,285,410,525,821,827,707,645,868,651,429
경북, 영덕군,,계,33715,2755,771,754,1151,1078,1506,1564,2228,2606,3287,3513,3106,2679,3142,2272,1303
경북, 영덕군,,남자,15906,1406,392,421,658,556,768,853,1276,1407,1641,1659,1427,1167,1150,772,353
경북, 영덕군,,여자,17809,1349,379,333,493,522,738,711,952,1199,1646,1854,1679,1512,1992,1500,950
경북, 청도군,,계,38218,2499,1044,1054,1284,1125,1570,1665,2345,2864,4047,4460,4083,3060,3054,2463,1601
경북, 청도군,,남자,18446,1275,541,592,742,613,815,922,1275,1479,2008,2213,1955,1510,1222,829,455
경북, 청도군,,여자,19772,1224,503,462,542,512,755,743,1070,1385,2039,2247,2128,1550,1832,1634,1146
경북, 고령군,,계,29019,2550,886,988,1119,1044,1350,1520,2219,2470,3101,2953,2522,1934,1922,1557,884
경북, 고령군,,남자,14552,1321,467,519,618,569,721,812,1247,1346,1621,1548,1252,914,760,580,257
경북, 고령군,,여자,14467,1229,419,469,501,475,629,708,972,1124,1480,1405,1270,1020,1162,977,627
경북, 성주군,,계,38006,2863,871,1199,1712,1461,1649,1829,2469,3405,4429,4229,3568,2701,2478,1880,1263
경북, 성주군,,남자,19264,1496,443,699,959,792,908,1086,1394,1839,2257,2216,1752,1309,1068,675,371
경북, 성주군,,여자,18742,1367,428,500,753,669,741,743,1075,1566,2172,2013,1816,1392,1410,1205,892
경북, 칠곡군,,계,108254,16100,4741,4840,5606,6721,9357,9395,10455,9516,8733,6909,4782,3664,3427,2495,1513
경북, 칠곡군,,남자,55417,8405,2471,2546,2992,3639,4974,4907,5617,4998,4704,3510,2355,1660,1302,864,473
경북, 칠곡군,,여자,52837,7695,2270,2294,2614,3082,4383,4488,4838,4518,4029,3399,2427,2004,2125,1631,1040
경북, 예천군,,계,50742,6738,1348,1251,1802,2268,3181,3278,3277,3462,4280,4521,3904,3115,3551,2994,1772
경북, 예천군,,남자,24733,3453,710,690,940,1160,1533,1763,1864,1820,2164,2220,1866,1490,1464,1105,491
경북, 예천군,,여자,26009,3285,638,561,862,1108,1648,1515,1413,1642,2116,2301,2038,1625,2087,1889,1281
경북, 봉화군,,계,28857,2272,598,666,870,843,1189,1331,1771,2428,3262,3319,2675,2187,2446,1854,1146
경북, 봉화군,,남자,14309,1190,325,355,472,440,617,778,1015,1293,1677,1720,1351,1042,990,671,373
경북, 봉화군,,여자,14548,1082,273,311,398,403,572,553,756,1135,1585,1599,1324,1145,1456,1183,773
경북, 울진군,,계,44272,4638,1344,1271,1854,1946,2429,2714,3402,3711,4465,4093,3089,2703,2794,2279,1540
경북, 울진군,,남자,22032,2403,706,781,1041,1093,1276,1493,1911,2015,2344,2033,1501,1262,1061,745,367
경북, 울진군,,여자,22240,2235,638,490,813,853,1153,1221,1491,1696,2121,2060,1588,1441,1733,1534,1173
경북, 울릉군,,계,8200,696,155,202,421,364,519,546,700,846,897,882,643,522,382,268,157
경북, 울릉군,,남자,4436,347,86,120,241,220,293,317,423,512,489,484,315,252,177,119,41
경북, 울릉군,,여자,3764,349,69,82,180,144,226,229,277,334,408,398,328,270,205,149,116
경남,소계,,계,3141767,436633,141709,147187,172598,170897,240624,239496,281919,280888,279414,243164,165992,123455,104570,70695,42526
경남,소계,,남자,1564000,225144,73568,76114,92899,88555,122985,122509,143624,141643,140538,120947,80788,57385,41846,24226,11229
경남,소계,,여자,1577767,211489,68141,71073,79699,82342,117639,116987,138295,139245,138876,122217,85204,66070,62724,46469,31297
경남, 진주시,,계,332208,45896,16959,19760,20178,18302,23597,24436,29220,28441,28157,24417,17071,13249,10987,7119,4419
경남, 진주시,,남자,163346,23886,8911,10079,11063,9502,11597,12073,14491,14088,13744,11842,8082,6036,4478,2383,1091
경남, 진주시,,여자,168862,22010,8048,9681,9115,8800,12000,12363,14729,14353,14413,12575,8989,7213,6509,4736,3328
경남, 통영시,,계,122162,17209,5124,4205,5063,5698,9493,9773,10834,10386,11360,10667,7643,5783,4567,2736,1621
경남, 통영시,,남자,60826,8752,2677,2259,2617,2926,4860,5214,5835,5278,5574,5189,3727,2764,1818,923,413
경남, 통영시,,여자,61336,8457,2447,1946,2446,2772,4633,4559,4999,5108,5786,5478,3916,3019,2749,1813,1208
경남, 사천시,,계,103059,13724,4041,3631,4888,4886,7464,7908,9083,8583,8838,8365,6374,5361,4625,3321,1967
경남, 사천시,,남자,51358,7061,2104,2103,2857,2666,3803,4122,4876,4492,4466,3987,3025,2367,1807,1142,480
경남, 사천시,,여자,51701,6663,1937,1528,2031,2220,3661,3786,4207,4091,4372,4378,3349,2994,2818,2179,1487
경남, 김해시,,계,509414,81073,27653,27424,30537,29136,42130,43851,52735,49131,41855,31142,19130,13297,10559,6337,3424
경남, 김해시,,남자,254664,41575,14369,13699,16156,14886,21128,21663,26045,24749,21816,15967,9378,5968,4187,2167,911
경남, 김해시,,여자,254750,39498,13284,13725,14381,14250,21002,22188,26690,24382,20039,15175,9752,7329,6372,4170,2513
경남, 밀양시,,계,96207,9297,3237,3583,4088,3793,5115,5436,6870,8234,9914,10584,8106,6091,5479,4027,2353
경남, 밀양시,,남자,46631,4727,1692,1876,2284,1986,2645,2910,3545,4121,4917,5149,3865,2811,2134,1323,646
경남, 밀양시,,여자,49576,4570,1545,1707,1804,1807,2470,2526,3325,4113,4997,5435,4241,3280,3345,2704,1707
경남, 거제시,,계,232585,42600,11130,8688,10440,14778,24195,22169,23591,19920,17172,14686,8598,5683,4299,2786,1850
경남, 거제시,,남자,120346,22002,5700,4595,5420,7383,12953,11912,12852,10811,8580,7797,4358,2851,1765,917,450
경남, 거제시,,여자,112239,20598,5430,4093,5020,7395,11242,10257,10739,9109,8592,6889,4240,2832,2534,1869,1400
경남, 양산시,,계,329721,52340,15033,15223,19554,21013,30155,27920,29703,28498,26819,22407,14810,10429,8379,4869,2569
경남, 양산시,,남자,163340,26758,7547,7560,10091,10563,15355,14092,14889,14057,13559,10878,7134,4755,3504,1807,791
경남, 양산시,,여자,166381,25582,7486,7663,9463,10450,14800,13828,14814,14441,13260,11529,7676,5674,4875,3062,1778
경남, 창원시,소계,계,986126,134257,45799,50873,62181,58366,78078,75620,89109,91784,92225,76868,49511,33567,24635,14938,8315
경남, 창원시,소계,남자,494082,69550,23813,26108,33747,30678,40108,38550,44162,44827,45936,37914,24435,16095,10466,5411,2282
경남, 창원시,소계,여자,492044,64707,21986,24765,28434,27688,37970,37070,44947,46957,46289,38954,25076,17472,14169,9527,6033
경남, 창원시, 의창구,계,242721,31760,10957,13844,17136,14991,19319,17483,21783,24607,24125,18555,11235,6941,5099,3098,1788
경남, 창원시, 의창구,남자,122271,16448,5732,7183,9352,7964,9927,9045,10496,11687,12248,9328,5692,3459,2158,1099,453
경남, 창원시, 의창구,여자,120450,15312,5225,6661,7784,7027,9392,8438,11287,12920,11877,9227,5543,3482,2941,1999,1335
경남, 창원시, 성산구,계,207933,28696,11492,11679,15616,13865,15602,15888,21266,22582,21653,13721,6840,3824,2502,1686,1021
경남, 창원시, 성산구,남자,104555,14858,6064,5860,8443,7373,7839,7588,9913,10710,11119,7403,3696,1905,1003,534,247
경남, 창원시, 성산구,여자,103378,13838,5428,5819,7173,6492,7763,8300,11353,11872,10534,6318,3144,1919,1499,1152,774
경남, 창원시, 마산합포구,계,168372,19554,6538,8990,9198,8954,12520,11647,13008,13846,15262,15906,11473,8582,6622,3981,2291
경남, 창원시, 마산합포구,남자,83102,10112,3393,4617,5019,4731,6552,6207,6616,6886,7232,7455,5430,3969,2799,1422,662
경남, 창원시, 마산합포구,여자,85270,9442,3145,4373,4179,4223,5968,5440,6392,6960,8030,8451,6043,4613,3823,2559,1629
경남, 창원시, 마산회원구,계,183517,22924,8306,9096,10521,9282,13175,13887,16339,17031,17351,15996,11373,7984,5615,3121,1516
경남, 창원시, 마산회원구,남자,91161,11975,4218,4613,5618,4838,6825,6981,8247,8427,8517,7567,5419,3823,2476,1195,422
경남, 창원시, 마산회원구,여자,92356,10949,4088,4483,4903,4444,6350,6906,8092,8604,8834,8429,5954,4161,3139,1926,1094
경남, 창원시, 진해구,계,183583,31323,8506,7264,9710,11274,17462,16715,16713,13718,13834,12690,8590,6236,4797,3052,1699
경남, 창원시, 진해구,남자,92993,16157,4406,3835,5315,5772,8965,8729,8890,7117,6820,6161,4198,2939,2030,1161,498
경남, 창원시, 진해구,여자,90590,15166,4100,3429,4395,5502,8497,7986,7823,6601,7014,6529,4392,3297,2767,1891,1201
경남, 의령군,,계,23911,1784,576,710,867,779,967,1087,1521,1890,2404,2613,2072,1763,2051,1705,1122
경남, 의령군,,남자,11453,931,320,374,474,399,497,594,871,1033,1237,1353,1007,795,712,569,287
경남, 의령군,,여자,12458,853,256,336,393,380,470,493,650,857,1167,1260,1065,968,1339,1136,835
경남, 함안군,,계,60079,7547,2213,2214,2548,2495,3739,4192,4951,5074,5523,5628,4110,3125,3084,2238,1398
경남, 함안군,,남자,29988,3819,1154,1222,1381,1293,1884,2216,2707,2726,2890,2974,2009,1467,1169,725,352
경남, 함안군,,여자,30091,3728,1059,992,1167,1202,1855,1976,2244,2348,2633,2654,2101,1658,1915,1513,1046
경남, 창녕군,,계,56181,5329,1432,1866,2283,2269,3017,2916,3759,4609,5821,6085,4609,3785,3821,2857,1723
경남, 창녕군,,남자,27648,2820,729,1033,1257,1275,1588,1637,2094,2479,2839,3050,2230,1795,1430,953,439
경남, 창녕군,,여자,28533,2509,703,833,1026,994,1429,1279,1665,2130,2982,3035,2379,1990,2391,1904,1284
경남, 고성군,,계,46838,4630,1359,1516,1640,1631,2565,2606,3531,3834,4590,4664,3876,3343,3070,2370,1613
경남, 고성군,,남자,23118,2386,727,876,938,856,1397,1422,1934,2080,2329,2333,1850,1560,1230,799,401
경남, 고성군,,여자,23720,2244,632,640,702,775,1168,1184,1597,1754,2261,2331,2026,1783,1840,1571,1212
경남, 남해군,,계,39237,2815,1049,1123,1211,1082,1417,1709,2687,3096,4082,4098,3458,3343,3292,2690,2085
경남, 남해군,,남자,18754,1491,576,686,706,588,708,901,1502,1657,2046,2005,1651,1560,1266,884,527
경남, 남해군,,여자,20483,1324,473,437,505,494,709,808,1185,1439,2036,2093,1807,1783,2026,1806,1558
경남, 하동군,,계,40744,3239,1044,1177,1480,1266,1576,1973,2921,3555,4374,4328,3462,3010,3091,2508,1740
경남, 하동군,,남자,19901,1682,541,692,844,688,842,1073,1595,1937,2266,2198,1678,1365,1197,844,459
경남, 하동군,,여자,20843,1557,503,485,636,578,734,900,1326,1618,2108,2130,1784,1645,1894,1664,1281
경남, 산청군,,계,31311,2481,774,802,982,953,1256,1308,2055,2729,3348,3460,2809,2386,2622,2061,1285
경남, 산청군,,남자,15203,1321,400,444,512,504,675,700,1157,1467,1713,1777,1413,1133,979,675,333
경남, 산청군,,여자,16108,1160,374,358,470,449,581,608,898,1262,1635,1683,1396,1253,1643,1386,952
경남, 함양군,,계,35496,3224,1054,1046,1185,1120,1493,1753,2581,3074,3519,3642,2798,2568,2800,2241,1398
경남, 함양군,,남자,16980,1636,560,608,631,579,752,916,1443,1635,1808,1781,1351,1132,1037,759,352
경남, 함양군,,여자,18516,1588,494,438,554,541,741,837,1138,1439,1711,1861,1447,1436,1763,1482,1046
경남, 거창군,,계,56403,6420,2287,2155,2204,2183,2903,3199,4315,4890,5259,5163,3918,3393,3484,2837,1793
경남, 거창군,,남자,27277,3305,1252,1248,1215,1144,1417,1618,2226,2488,2686,2555,1826,1506,1302,946,543
경남, 거창군,,여자,29126,3115,1035,907,989,1039,1486,1581,2089,2402,2573,2608,2092,1887,2182,1891,1250
경남, 합천군,,계,40085,2768,945,1191,1269,1147,1464,1640,2453,3160,4154,4347,3637,3279,3725,3055,1851
경남, 합천군,,남자,19085,1442,496,652,706,639,776,896,1400,1718,2132,2198,1769,1425,1365,999,472
경남, 합천군,,여자,21000,1326,449,539,563,508,688,744,1053,1442,2022,2149,1868,1854,2360,2056,1379
제주,소계,,계,623447,95133,31741,29576,37131,34046,48405,48945,58634,53722,50468,42552,27590,23632,19054,13322,9496
제주,소계,,남자,309861,49175,16208,14011,19116,17133,24278,25076,30193,27944,25689,21240,13289,11104,8152,4930,2323
제주,소계,,여자,313586,45958,15533,15565,18015,16913,24127,23869,28441,25778,24779,21312,14301,12528,10902,8392,7173
제주, 제주시,,계,458548,72159,24777,23093,28620,26157,36648,36421,43442,39418,36067,29781,18797,15652,12474,8686,6356
제주, 제주시,,남자,227688,37327,12709,10913,14753,13179,18381,18486,21966,20339,18267,14854,9068,7330,5344,3229,1543
제주, 제주시,,여자,230860,34832,12068,12180,13867,12978,18267,17935,21476,19079,17800,14927,9729,8322,7130,5457,4813
제주, 서귀포시,,계,164899,22974,6964,6483,8511,7889,11757,12524,15192,14304,14401,12771,8793,7980,6580,4636,3140
제주, 서귀포시,,남자,82173,11848,3499,3098,4363,3954,5897,6590,8227,7605,7422,6386,4221,3774,2808,1701,780
제주, 서귀포시,,여자,82726,11126,3465,3385,4148,3935,5860,5934,6965,6699,6979,6385,4572,4206,3772,2935,2360
